deadline_id,edition_id,deadline_type,raw_date_text,date_iso,time_local,timezone_as_stated,utc_datetime,certainty,source_id,verified_at,conflict_notes
dl-skeptic-education-dl-pod-open,ed-evt-pod-network-annual-conference-pod-network-2026-annual-conference,cfp_open,"April 8, 2026",2026-04-08,,,,historical-closed,src-skeptic-education-ev-048,2026-09-04T23:00:00-06:00,
dl-skeptic-education-dl-pod-cfp,ed-evt-pod-network-annual-conference-pod-network-2026-annual-conference,cfp_deadline,"May 7, 2026",2026-05-07,,,,historical-closed,src-skeptic-education-ev-048,2026-09-04T23:00:00-06:00,Extended deadline
dl-skeptic-education-dl-bett-firstlook,ed-evt-bett-uk-bett-uk-2027,cfp_first_look,First Look deadline: 31 May 2026,2026-05-31,,,,exact,src-skeptic-education-ev-015,2026-09-04T23:00:00-06:00,Passed; ongoing form is reserve-list/2028 consideration
dl-free-tier-dl-kubecon-na-close,ed-evt-kubecon-cloudnativecon-north-america-kubecon-cloudnativecon-north-am,cfp_close,May 31 at 11:59pm Mountain Time (UTC-7:00),2026-05-31,23:59,Mountain Time (UTC-7:00),2026-06-01T06:59:00Z,exact,src-free-tier-src-kubecon-na-cfp,2026-09-04T12:00:00-06:00,Closed before run date
dl-adaptive-systems-dl-sag-close,ed-evt-isaqb-software-architecture-gathering-isaqb-software-architecture-ga,cfp_close,Submit here until June 9,2026-06-09,,,,exact,src-adaptive-systems-ev-sag-current,2026-09-04T23:30:00-06:00,Closed before research run.
dl-skeptic-education-dl-sxsw-open,ed-evt-sxsw-edu-conference-and-festival-sxsw-edu-2027,cfp_open,"Tuesday, June 23, 2026",2026-06-23,,,,historical-closed,src-skeptic-education-ev-040,2026-09-04T23:00:00-06:00,
dl-skeptic-education-dl-atd-open,ed-evt-atd-international-conference-and-expo-atd27,cfp_open,"July 10, 2026",2026-07-10,,,,historical-closed,src-skeptic-education-ev-038,2026-09-04T23:00:00-06:00,
dl-judgment-dl-ju-aif-first,ed-evt-ai-festival-ai-festival-2027,first_phase_deadline,"July 15, 2026",2026-07-15,,,,confirmed_closed,src-judgment-ev-ju-aif-current,2026-09-04T21:30:00-06:00,Passed before research run.
dl-skeptic-education-dl-sxsw-cfp,ed-evt-sxsw-edu-conference-and-festival-sxsw-edu-2027,cfp_deadline,"Sunday, July 26, 2026",2026-07-26,,,,historical-closed,src-skeptic-education-ev-040,2026-09-04T23:00:00-06:00,Official page does not state time in the captured text
dl-skeptic-education-dl-altc26,ed-evt-alt-annual-conference-alt-annual-conference-2027,historical_cfp_deadline,"Midnight BST on Tuesday, 28 July 2026",2026-07-28,00:00,BST,2026-07-27T23:00:00Z,historical-other-edition,src-skeptic-education-ev-044,2026-09-04T23:00:00-06:00,"Belongs to ALTC26, not the unconfirmed 2027 edition; retained only as cadence evidence"
dl-free-tier-dl-kubecon-na-notify,ed-evt-kubecon-cloudnativecon-north-america-kubecon-cloudnativecon-north-am,notification,"Monday, August 3",2026-08-03,,,,exact,src-free-tier-src-kubecon-na-cfp,2026-09-04T12:00:00-06:00,Past before run date
dl-skeptic-education-dl-atd-cfp,ed-evt-atd-international-conference-and-expo-atd27,cfp_deadline,"August 6, 2026",2026-08-06,,,,historical-closed,src-skeptic-education-ev-038,2026-09-04T23:00:00-06:00,
dl-skeptic-education-dl-sxsw-vote-close,ed-evt-sxsw-edu-conference-and-festival-sxsw-edu-2027,community_voting_deadline,"Sunday, August 23, 2026 at 11:59pm PT",2026-08-23,23:59,PT,2026-08-24T06:59:00Z,historical-closed,src-skeptic-education-ev-041,2026-09-04T23:00:00-06:00,UTC conversion uses PDT
dl-evidence-learning-dl-ala-open,ed-evt-ala-annual-conference-and-exhibition-ala-annual-conference-2027,cfp_open,"August 24, 2026",2026-08-24,,,,exact,src-evidence-learning-src-ala-cfp,2026-09-04T12:00:00-06:00,
dl-free-tier-dl-developerweek-first,ed-evt-developerweek-developerweek-2027,cfp_round_one_close,"First Round proposal deadline is Friday, August 28, 2026",2026-08-28,,,,exact,src-free-tier-src-developerweek-cfp,2026-09-04T12:00:00-06:00,Past on run date; final round remains open
dl-failure-improvement-dl-fi-devweek-first,ed-evt-developerweek-developerweek-2027,first_deadline,"August 28, 2026",2026-08-28,,,,confirmed_closed,src-failure-improvement-ev-fi-devweek-current,2026-09-04T23:58:00-06:00,Passed before research run.
dl-judgment-dl-ju-pw-first,ed-evt-productworld-productworld-2027,first_round_deadline,"Friday, August 28, 2026",2026-08-28,,,,confirmed_closed,src-judgment-ev-ju-pw-current,2026-09-04T21:00:00-06:00,Passed before research run.
dl-benchmarks-dl-ndc-cfp,ed-evt-ndc-london-ndc-london-2027,cfp,"August 30, 2026",2026-08-30,,,,confirmed,src-benchmarks-ev-ndc,2026-09-04T23:00:00-06:00,Closed before research run
dl-adaptive-systems-dl-ndc-close,ed-evt-ndc-london-ndc-london-2027,cfp_close,Deadline - 30 Aug 2026,2026-08-30,,,,exact,src-adaptive-systems-ev-ndc-current,2026-09-04T23:30:00-06:00,Closed before research run.
dl-free-tier-dl-ndc-london-close,ed-evt-ndc-london-ndc-london-2027,cfp_close,Deadline - 30 Aug 2026,2026-08-30,,,,exact,src-free-tier-src-ndc-london-cfp,2026-09-04T12:00:00-06:00,Closed before run date
dl-free-tier-dl-dod-raleigh-open,ed-evt-devopsdays-raleigh-devopsdays-raleigh-2027,cfp_open,"opens Tuesday, Sep 1, 2026",2026-09-01,,,,exact,src-free-tier-src-dod-raleigh-propose,2026-09-04T12:00:00-06:00,
dl-free-tier-dl-dod-raleigh-notify-conflict,ed-evt-devopsdays-raleigh-devopsdays-raleigh-2027,notification,"Selected proposals will be announced on Tuesday, Sep 1, 2026",2026-09-01,,,,official-conflict,src-free-tier-src-dod-raleigh-propose,2026-09-04T12:00:00-06:00,Official date equals opening date and precedes close; do not rely on it
dl-retrieval-dl-dod-raleigh-notify,ed-evt-devopsdays-raleigh-devopsdays-raleigh-2027,notification,"Selected proposals will be announced on Tuesday, Sep 1, 2026",2026-09-01,,,,official-conflict,src-retrieval-src-dod-raleigh,2026-09-04T12:00:00-06:00,Equals opening date and precedes close; do not rely on it
dl-adaptive-systems-dl-agentics-open,ed-evt-agentics-day-mcp-agents-europe-agentics-day-mcp-agents-europe-2027,cfp_open,"Wednesday, 2 September 2026",2026-09-02,,,,exact,src-adaptive-systems-ev-colocated-common,2026-09-04T23:30:00-06:00,
dl-adaptive-systems-dl-cnai-open,ed-evt-cloud-native-ai-inference-day-europe-cloud-native-ai-inference-day-e,cfp_open,"Wednesday, 2 September 2026",2026-09-02,,,,exact,src-adaptive-systems-ev-colocated-common,2026-09-04T23:30:00-06:00,
dl-adaptive-systems-dl-platform-open,ed-evt-platform-engineering-day-europe-platform-engineering-day-europe-2027,cfp_open,"Wednesday, 2 September 2026",2026-09-02,,,,exact,src-adaptive-systems-ev-colocated-common,2026-09-04T23:30:00-06:00,
dl-benchmarks-dl-stareast-cfp,ed-evt-stareast-stareast-2027,cfp,"September 6, 2026",2026-09-06,,,,confirmed,src-benchmarks-ev-stareast-cfp,2026-09-04T23:00:00-06:00,
dl-benchmarks-dl-aiae-cfp,ed-evt-ai-agent-event-ai-agent-event-2027,cfp,September 9,2026-09-09,,,,confirmed,src-benchmarks-ev-aiae-current,2026-09-04T23:00:00-06:00,Year supplied by the 2027 edition context; time and zone absent
dl-adaptive-systems-dl-aiae-close,ed-evt-ai-agent-event-ai-agent-event-2027,cfp_close,Final Submission Deadline: September 9,2026-09-09,,,,exact,src-adaptive-systems-ev-aiae-current,2026-09-04T23:30:00-06:00,Year is established by the page's 2027 edition context; no time or time zone stated.
dl-retrieval-dl-ai-agent-close,ed-evt-ai-agent-event-ai-agent-event-2027,cfp_close,Final Submission Deadline: September 9,2026-09-09,,,,exact-from-edition-context,src-retrieval-src-ai-agent-cfp,2026-09-04T12:00:00-06:00,Year derived from the open 2027 CFP viewed in September 2026; no time zone stated
dl-judgment-dl-ju-ces-cfp,ed-evt-ces-ces-2027,cfp_deadline,"Wednesday, September 9, 2026 at 11:59 PM PT",2026-09-09,23:59,PT,,confirmed,src-judgment-ev-ju-ces-current,2026-09-04T21:35:00-06:00,Source does not distinguish PDT/PST; UTC not normalized.
dl-evidence-learning-dl-chea-submit,ed-evt-chea-annual-conference-chea-2027-annual-conference,cfp_deadline,"September 11, 2026",2026-09-11,,,,exact,src-evidence-learning-src-chea-cfp,2026-09-04T12:00:00-06:00,
dl-skeptic-education-dl-chea-cfp,ed-evt-chea-annual-conference-chea-2027-annual-conference,cfp_deadline,"by September 11, 2026",2026-09-11,,,,exact,src-skeptic-education-ev-008,2026-09-04T23:00:00-06:00,"Late proposals may be considered if space remains, but this does not make the route rolling"
dl-adaptive-systems-dl-javaland-close,ed-evt-javaland-javaland-2027,cfp_close,"Call for Papers is open until September 14, 2026",2026-09-14,,,,exact,src-adaptive-systems-ev-javaland-current,2026-09-04T23:30:00-06:00,
dl-evidence-learning-dl-olc-open,ed-evt-olc-innovate-olc-innovate-2027,cfp_open,"September 15, 2026",2026-09-15,,,,exact,src-evidence-learning-src-olc-cfp,2026-09-04T12:00:00-06:00,
dl-skeptic-education-dl-olc-open,ed-evt-olc-innovate-olc-innovate-2027,cfp_open,"September 15, 2026: Call for Proposals opens",2026-09-15,,,,exact,src-skeptic-education-ev-018,2026-09-04T23:00:00-06:00,
dl-free-tier-dl-developerweek-final,ed-evt-developerweek-developerweek-2027,cfp_close,"Final Round proposal deadline is Friday, September 18, 2026",2026-09-18,,,,exact,src-free-tier-src-developerweek-cfp,2026-09-04T12:00:00-06:00,
dl-failure-improvement-dl-fi-devweek-final,ed-evt-developerweek-developerweek-2027,cfp_deadline,"September 18, 2026",2026-09-18,,,,confirmed,src-failure-improvement-ev-fi-devweek-current,2026-09-04T23:58:00-06:00,No time or timezone stated.
dl-evidence-learning-dl-icai-submit,ed-evt-icai-annual-conference-icai-2027-annual-conference,cfp_deadline,"September 18, 2026",2026-09-18,,,,exact,src-evidence-learning-src-icai-cfp,2026-09-04T12:00:00-06:00,
dl-judgment-dl-ju-pw-final,ed-evt-productworld-productworld-2027,cfp_deadline,"18 Sep 2026, 11:59 PM Pacific Daylight Time (UTC-07:00)",2026-09-18,23:59,Pacific Daylight Time (UTC-07:00),2026-09-19T06:59:00Z,confirmed,src-judgment-ev-ju-pw-current,2026-09-04T21:00:00-06:00,
dl-evidence-learning-dl-ala-submit,ed-evt-ala-annual-conference-and-exhibition-ala-annual-conference-2027,cfp_deadline,"September 21, 2026 - 11:59pm Eastern",2026-09-21,23:59,Eastern,2026-09-22T03:59:00Z,exact,src-evidence-learning-src-ala-cfp,2026-09-04T12:00:00-06:00,UTC conversion uses EDT in effect on this date.
dl-skeptic-education-dl-ala-cfp,ed-evt-ala-annual-conference-and-exhibition-ala-annual-conference-2027,cfp_deadline,"September 21, 2026 - 11:59pm Eastern",2026-09-21,23:59,Eastern,2026-09-22T03:59:00Z,exact,src-skeptic-education-ev-024,2026-09-04T23:00:00-06:00,UTC conversion uses EDT
dl-evidence-learning-dl-lilac-open,ed-evt-lilac-lilac-2027,cfp_open,21 September 2026,2026-09-21,,,,exact,src-evidence-learning-src-lilac-cfp,2026-09-04T12:00:00-06:00,
dl-free-tier-dl-tokenomicon-amsterdam-start,ed-evt-tokenomicon-amsterdam-tokenomicon-amsterdam-2026,event_start,22–23 September 2026,2026-09-22,,,,exact,src-free-tier-src-tokenomics-events,2026-09-04T12:00:00-06:00,
dl-free-tier-dl-dod-telaviv-close,ed-evt-devopsdays-tel-aviv-devopsdays-tel-aviv-2026,cfp_close,deadline 2026-09-25 on official global speaking index,2026-09-25,,,,official-conflict,src-free-tier-src-dod-global-speaking,2026-09-04T12:00:00-06:00,Local propose page says CFP TBD
dl-skeptic-education-dl-fl-open,ed-evt-florida-online-innovation-summit-florida-online-innovation-summit-20,cfp_open,"September 28, 2026",2026-09-28,,,,exact,src-skeptic-education-ev-021,2026-09-04T23:00:00-06:00,
dl-skeptic-education-dl-aste-cfp,ed-evt-aste-educational-technology-conference-aste-2027,cfp_deadline,"Proposals due September 30, 2026",2026-09-30,,,,exact,src-skeptic-education-ev-014,2026-09-04T23:00:00-06:00,Rolling review; no time zone stated
dl-benchmarks-dl-eurostar-cfp,ed-evt-eurostar-software-testing-conference-eurostar-2027,cfp,September 30th,2026-09-30,,,,confirmed,src-benchmarks-ev-eurostar-current,2026-09-04T23:00:00-06:00,Year supplied by the 2027 call context; time and zone absent
dl-failure-improvement-dl-fi-euro-cfp,ed-evt-eurostar-software-testing-conference-eurostar-2027,cfp_deadline,30 September 2026,2026-09-30,,,,confirmed,src-failure-improvement-ev-fi-euro-current,2026-09-04T23:40:00-06:00,No time or timezone stated.
dl-benchmarks-dl-gids-cfp,ed-evt-great-international-developer-summit-gids-2027,cfp,"September 30, 2026",2026-09-30,,,,confirmed,src-benchmarks-ev-gids,2026-09-04T23:00:00-06:00,
dl-adaptive-systems-dl-gids-close,ed-evt-great-international-developer-summit-gids-2027,cfp_close,"Deadline to Submit: September 30, 2026",2026-09-30,,,,exact,src-adaptive-systems-ev-gids-current,2026-09-04T23:30:00-06:00,
dl-failure-improvement-dl-fi-gids-cfp,ed-evt-great-international-developer-summit-gids-2027,cfp_deadline,"September 30, 2026",2026-09-30,,,,confirmed,src-failure-improvement-ev-fi-gids-current,2026-09-04T23:35:00-06:00,No time or timezone stated.
dl-skeptic-education-dl-iste-cfp,ed-evt-istelive-istelive-27,cfp_deadline,"September 30, 2026",2026-09-30,,,,exact,src-skeptic-education-ev-001,2026-09-04T23:00:00-06:00,
dl-evidence-learning-dl-dtl-submit,ed-evt-upcea-digital-teaching-and-learning-conference-2027-upcea-digital-te,cfp_deadline,September 30,2026-09-30,,,,exact,src-evidence-learning-src-dtl-cfp,2026-09-04T12:00:00-06:00,Year is unambiguous from the 2027 CFP timeline and 2026 publication context; no time zone stated.
dl-skeptic-education-dl-upcea-cfp,ed-evt-upcea-digital-teaching-and-learning-conference-2027-upcea-digital-te,cfp_deadline,Proposals Due September 30,2026-09-30,,,,exact,src-skeptic-education-ev-003,2026-09-04T23:00:00-06:00,No time zone stated
dl-free-tier-dl-dod-almaty-close,ed-evt-devopsdays-almaty-devopsdays-almaty-2026,cfp_close,deadline 2026-10-01 on official global speaking index,2026-10-01,,,,exact,src-free-tier-src-dod-global-speaking,2026-09-04T12:00:00-06:00,Local page not extractable; recheck before action
dl-retrieval-dl-eu-chatbot-close,ed-evt-european-chatbot-and-agentic-ai-summit-european-chatbot-and-agentic-,cfp_close,"Deadline to Apply: October. 1, 2026",2026-10-01,,,,exact,src-retrieval-src-eu-chatbot-cfp,2026-09-04T12:00:00-06:00,Homepage says call will open soon while CFP page accepts proposals
dl-evidence-learning-dl-lilly-sd-submit,ed-evt-lilly-conference-san-diego-lilly-san-diego-2027,cfp_deadline,"Closes October 1, 2026",2026-10-01,,,,exact,src-evidence-learning-src-lilly-series,2026-09-04T12:00:00-06:00,
dl-skeptic-education-dl-lilly-sd-cfp,ed-evt-lilly-conference-san-diego-lilly-san-diego-2027,cfp_deadline,"Closes October 1, 2026",2026-10-01,,,,exact,src-skeptic-education-ev-005,2026-09-04T23:00:00-06:00,No time zone stated
dl-adaptive-systems-dl-icsa-working,ed-evt-ieee-international-conference-on-software-architecture-icsa-2027-wor,proposal_submission,2 October 2026,2026-10-02,,,,exact,src-adaptive-systems-ev-icsa-working,2026-09-04T23:30:00-06:00,
dl-retrieval-dl-agenticcon-close-1,ed-evt-agenticcon-agenticcon-2027,cfp_close,"October 4, 11:59 PM PT",2026-10-04,23:59,PT,,official-conflict,src-retrieval-src-agenticcon-cfp,2026-09-04T12:00:00-06:00,"Same page footer says November 1, 11:59 PM PT"
dl-retrieval-dl-platformcon-sf-close,ed-evt-platformcon-live-day-san-francisco-platformcon-live-day-san-francisc,cfp_close,"October 4, 12:59 PM EST",2026-10-04,12:59,EST,,exact-as-stated,src-retrieval-src-platformcon-sf-cfp,2026-09-04T12:00:00-06:00,Timezone says EST even though event is in San Francisco; UTC not normalized because fixed-vs-seasonal intent is unclear
dl-failure-improvement-dl-fi-platform-cfp,ed-evt-platformcon-live-day-san-francisco-platformcon-live-day-san-francisc,cfp_deadline,4 Oct 2026 11:59 PM Pacific Daylight Time UTC-07:00; organizer CFP page says 4 Oct 12:59 PM EST,2026-10-04,,conflicting: PDT UTC-07:00 / EST,,conflicting,,2026-09-05T00:05:00-06:00,Submission system and organizer event page conflict materially. Treat Sessionize as operational route but verify before relying on time.
dl-evidence-learning-dl-ucf-open,ed-evt-teaching-and-learning-with-ai-conference-teaching-and-learning-with-,cfp_open,"October 5, 2026",2026-10-05,,,,exact,src-evidence-learning-src-ucf-2027,2026-09-04T12:00:00-06:00,
dl-failure-improvement-dl-fi-vsl-cfp,ed-evt-visual-studio-live-visual-studio-live-austin-2027,cfp_deadline,5 Oct 2026 11:59 PM Pacific Daylight Time (Mexico) UTC-07:00; page body says 11:59 CST,2026-10-05,23:59,conflicting: Pacific Daylight Time (Mexico) UTC-07:00 / CST,,conflicting,src-failure-improvement-ev-fi-vsl-current,2026-09-04T23:55:00-06:00,Sessionize metadata and body conflict; do not normalize to UTC until organizer clarifies.
dl-evidence-learning-dl-icai-notify,ed-evt-icai-annual-conference-icai-2027-annual-conference,notification,"October 9, 2026",2026-10-09,,,,exact,src-evidence-learning-src-icai-cfp,2026-09-04T12:00:00-06:00,
dl-evidence-learning-dl-isls-paper,ed-evt-isls-annual-meeting-icls-and-cscl-isls-annual-meeting-2027,cfp_deadline,"October 9, 2026: contributions for long and short papers, posters & symposia due",2026-10-09,,,,exact,src-evidence-learning-src-isls-cfp,2026-09-04T12:00:00-06:00,"Research-contribution deadline, not a conventional speaker CFP."
dl-judgment-dl-ju-km-cfp,ed-evt-kmworld-europe-kmworld-europe-2027,cfp_deadline,9 October at the latest,2026-10-09,,,,conflicting,src-judgment-ev-ju-km-current,2026-09-04T22:15:00-06:00,Page header says 'Opens soon' and body incorrectly names 2026 participation on a 2027 page; not safe as actionable.
dl-benchmarks-dl-expoqa-cfp,ed-evt-expo-qa-expo-qa-2027,cfp,11th October 2026,2026-10-11,,,,confirmed,src-benchmarks-ev-expoqa-current,2026-09-04T23:00:00-06:00,
dl-failure-improvement-dl-fi-expo-cfp,ed-evt-expo-qa-expo-qa-2027,cfp_deadline,"October 11, 2026",2026-10-11,,,,confirmed,src-failure-improvement-ev-fi-expo-current,2026-09-04T23:45:00-06:00,No time or timezone stated.
dl-benchmarks-dl-kccnc-cfp,ed-evt-kubecon-cloudnativecon-europe-kubecon-cloudnativecon-europe-2027,cfp,"October 11, 2026 at 11:59 PM CEST (UTC+2)",2026-10-11,23:59,CEST (UTC+2),2026-10-11T21:59:00Z,confirmed,src-benchmarks-ev-kccnc-current,2026-09-04T23:00:00-06:00,
dl-adaptive-systems-dl-kccnc-close,ed-evt-kubecon-cloudnativecon-europe-kubecon-cloudnativecon-europe-2027,cfp_close,"Sunday, 11 October at 11:59 PM CEST (UTC+2)",2026-10-11,23:59,CEST (UTC+2),2026-10-11T21:59:00Z,exact,src-adaptive-systems-ev-kccnc-main,2026-09-04T23:30:00-06:00,
dl-failure-improvement-dl-fi-kube-cfp,ed-evt-kubecon-cloudnativecon-europe-kubecon-cloudnativecon-europe-2027,cfp_deadline,"Sunday, October 11, 2026 at 11:59 PM CEST (UTC+2)",2026-10-11,23:59,CEST (UTC+2),2026-10-11T21:59:00Z,confirmed,src-failure-improvement-ev-fi-kube-current,2026-09-04T23:25:00-06:00,
dl-judgment-dl-ju-apqc-cfp,ed-evt-apqc-connect-apqc-connect-2027,cfp_deadline,"Monday, October 12, 2026 at 11:00 p.m. ET",2026-10-12,23:00,ET,,confirmed,src-judgment-ev-ju-apqc-current,2026-09-04T21:40:00-06:00,Source does not distinguish EDT/EST; UTC not normalized.
dl-skeptic-education-dl-hiai-cfp,ed-evt-hi-ai-hi-ai-2027,cfp_deadline,"October 12, 2026",2026-10-12,,,,exact,src-skeptic-education-ev-012,2026-09-04T23:00:00-06:00,No time zone stated
dl-judgment-dl-ju-aif-final,ed-evt-ai-festival-ai-festival-2027,cfp_deadline,"Oct. 15th 2026, 2nd phase closing",2026-10-15,,,,confirmed,src-judgment-ev-ju-aif-current,2026-09-04T21:30:00-06:00,No time or timezone stated.
dl-judgment-dl-ju-bacon-cfp,ed-evt-bacon-bacon-2027,cfp_deadline,15 Oct 2026 11:59 PM Eastern Daylight Time (UTC-04:00),2026-10-15,23:59,Eastern Daylight Time (UTC-04:00),2026-10-16T03:59:00Z,confirmed,src-judgment-ev-ju-bacon-current,2026-09-04T21:25:00-06:00,
dl-adaptive-systems-dl-agentics-close,ed-evt-agentics-day-mcp-agents-europe-agentics-day-mcp-agents-europe-2027,cfp_close,"Sunday, 18 October 2026, at 11:59pm Central European Time (UTC+2)",2026-10-18,23:59,Central European Time (UTC+2),2026-10-18T21:59:00Z,exact,src-adaptive-systems-ev-colocated-common,2026-09-04T23:30:00-06:00,
dl-failure-improvement-dl-fi-agentics-cfp,ed-evt-agentics-day-mcp-agents-europe-agentics-day-mcp-agents-europe-2027,cfp_deadline,"Sunday, October 18, 2026 at 11:59 PM CET (UTC+2)",2026-10-18,23:59,CET (UTC+2),2026-10-18T21:59:00Z,confirmed_as_stated,src-failure-improvement-ev-fi-agentics-current,2026-09-04T23:30:00-06:00,"Source pairs CET with UTC+2; preserve wording because CET normally denotes UTC+1. UTC follows the explicit offset, not the abbreviation."
dl-adaptive-systems-dl-cnai-close,ed-evt-cloud-native-ai-inference-day-europe-cloud-native-ai-inference-day-e,cfp_close,"Sunday, 18 October 2026, at 11:59pm Central European Time (UTC+2)",2026-10-18,23:59,Central European Time (UTC+2),2026-10-18T21:59:00Z,exact,src-adaptive-systems-ev-colocated-common,2026-09-04T23:30:00-06:00,
dl-retrieval-dl-cnai-day-close,ed-evt-cloud-native-ai-inference-day-europe-cloud-native-ai-inference-day-e,cfp_close,"through Sunday, 18 October 2026",2026-10-18,,,,exact,src-retrieval-src-cnai-day,2026-09-04T12:00:00-06:00,
dl-benchmarks-dl-obsday-cfp,ed-evt-observability-day-europe-observability-day-europe-2027,cfp,"October 18, 2026 at 23:59 Central European Time (UTC+2)",2026-10-18,23:59,Central European Time (UTC+2),2026-10-18T21:59:00Z,confirmed,src-benchmarks-ev-colocated-cfp,2026-09-04T23:00:00-06:00,
dl-adaptive-systems-dl-platform-close,ed-evt-platform-engineering-day-europe-platform-engineering-day-europe-2027,cfp_close,"Sunday, 18 October 2026, at 11:59pm Central European Time (UTC+2)",2026-10-18,23:59,Central European Time (UTC+2),2026-10-18T21:59:00Z,exact,src-adaptive-systems-ev-colocated-common,2026-09-04T23:30:00-06:00,
dl-retrieval-dl-platform-day-close,ed-evt-platform-engineering-day-europe-platform-engineering-day-europe-2027,cfp_close,"through Sunday, 18 October 2026",2026-10-18,,,,exact,src-retrieval-src-platform-day,2026-09-04T12:00:00-06:00,
dl-evidence-learning-dl-educon-submit,ed-evt-ieee-global-engineering-education-conference-educon-ieee-educon-2027,cfp_deadline,Abstract submission deadline: 19 October 2026,2026-10-19,,,,exact,src-evidence-learning-src-educon-cfp,2026-09-04T12:00:00-06:00,Official Education Society page headline and body agree on October 19.
dl-evidence-learning-dl-wscuc-submit,ed-evt-wscuc-accreditation-resource-conference-arc2027,cfp_deadline,"October 19, 2026 at 11:59 p.m. PT",2026-10-19,23:59,PT,2026-10-20T06:59:00Z,exact,src-evidence-learning-src-wscuc-cfp,2026-09-04T12:00:00-06:00,UTC conversion uses PDT in effect on this date.
dl-retrieval-dl-agenticcon-notify-1,ed-evt-agenticcon-agenticcon-2027,notification,October 20,2026-10-20,,,,official-conflict,src-retrieval-src-agenticcon-cfp,2026-09-04T12:00:00-06:00,Same page footer says November 17
dl-failure-improvement-dl-fi-platform-notify,ed-evt-platformcon-live-day-san-francisco-platformcon-live-day-san-francisc,notification,"October 20, 2026",2026-10-20,,,,confirmed,src-failure-improvement-ev-fi-platform-current,2026-09-05T00:05:00-06:00,
dl-retrieval-dl-platformcon-sf-notify,ed-evt-platformcon-live-day-san-francisco-platformcon-live-day-san-francisc,notification,October 20,2026-10-20,,,,exact-from-edition-context,src-retrieval-src-platformcon-sf-cfp,2026-09-04T12:00:00-06:00,
dl-evidence-learning-dl-tulane-submit,ed-evt-sparking-success-faculty-development-conference-sparking-success-202,cfp_deadline,"Deadline to Apply is Tuesday, October 20",2026-10-20,,,,exact-context,src-evidence-learning-src-tulane-2027,2026-09-04T12:00:00-06:00,Year omitted on page; normalized from the surrounding 2026-2027 academic-year heading and weekday match.
dl-adaptive-systems-dl-aoma-close,ed-evt-aoma-adaptive-organizations-meet-architecture-aoma-2027,cfp_close,"October 23, 2026, 23:59 CET",2026-10-23,23:59,CET,2026-10-23T22:59:00Z,exact,src-adaptive-systems-ev-aoma-current,2026-09-04T23:30:00-06:00,"A later organizer LinkedIn post said November 30, 2026. Current official CFP page is treated as authoritative, but the conflict must be rechecked before submission."
dl-retrieval-dl-aoma-close,ed-evt-aoma-adaptive-organizations-meet-architecture-aoma-2027,cfp_close,"October 23, 2026, 23:59 CET",2026-10-23,23:59,CET,,exact-as-stated,src-retrieval-src-aoma-cfp,2026-09-04T12:00:00-06:00,UTC not normalized because Berlin normally observes CEST on this date but source explicitly says CET
dl-adaptive-systems-dl-icsa-saip-abstract,ed-evt-ieee-international-conference-on-software-architecture-icsa-2027-sof,abstract_submission,Fri 30 Oct 2026; dates AoE (UTC-12h),2026-10-30,,AoE (UTC-12h),,exact,src-adaptive-systems-ev-icsa-saip,2026-09-04T23:30:00-06:00,No time of day stated on this track page.
dl-benchmarks-dl-ttc-cfp,ed-evt-taqelah-testing-conference-taqelah-testing-conference-2027,cfp,"Friday, 30 October 2026",2026-10-30,,,,confirmed,src-benchmarks-ev-ttc-current,2026-09-04T23:00:00-06:00,
dl-failure-improvement-dl-fi-ttc-cfp,ed-evt-taqelah-testing-conference-taqelah-testing-conference-2027,cfp_deadline,"Friday, 30 October 2026",2026-10-30,,,,confirmed,src-failure-improvement-ev-fi-ttc-current,2026-09-05T00:08:00-06:00,No time or timezone stated.
dl-evidence-learning-dl-inqaahe-submit,ed-evt-inqaahe-biennial-conference-inqaahe-conference-2027,cfp_deadline,31 October 2026,2026-10-31,,,,exact,src-evidence-learning-src-inqaahe-cfp,2026-09-04T12:00:00-06:00,
dl-failure-improvement-dl-fi-swiss-cfp,ed-evt-swiss-testing-day-swiss-testing-day-2027,cfp_deadline,31 Oct 2026 11:59 PM West Europe Standard Time UTC+01:00,2026-10-31,23:59,West Europe Standard Time UTC+01:00,2026-10-31T22:59:00Z,confirmed,src-failure-improvement-ev-fi-swiss-current,2026-09-04T23:50:00-06:00,
dl-retrieval-dl-agenticcon-close-2,ed-evt-agenticcon-agenticcon-2027,cfp_close,"Submissions close Nov 1, 11:59 PM PT",2026-11-01,23:59,PT,,official-conflict,src-retrieval-src-agenticcon-cfp,2026-09-04T12:00:00-06:00,"Same page key-dates section says October 4, 11:59 PM PT"
dl-free-tier-dl-dod-la-close,ed-evt-devopsdays-los-angeles-devopsdays-los-angeles-2027,cfp_close,closes 2026-11-01 on global speaking index,2026-11-01,,,,official-conflict,src-free-tier-src-dod-global-speaking,2026-09-04T12:00:00-06:00,Local official propose page says CFP TBD; deadline retained but cannot support submission until form/status reconciled
dl-retrieval-dl-dod-la-close,ed-evt-devopsdays-los-angeles-devopsdays-los-angeles-2027,cfp_close,closes 2026-11-01 on global speaking index,2026-11-01,,,,official-conflict,src-retrieval-src-dod-global,2026-09-04T12:00:00-06:00,Local official page says CFP TBD
dl-evidence-learning-dl-dtl-notify,ed-evt-upcea-digital-teaching-and-learning-conference-2027-upcea-digital-te,notification,Week of November 2,2026-11-02,,,,exact-week,src-evidence-learning-src-dtl-cfp,2026-09-04T12:00:00-06:00,"Week only; ISO stores the first named date, not a promised notification day."
dl-skeptic-education-dl-upcea-notify,ed-evt-upcea-digital-teaching-and-learning-conference-2027-upcea-digital-te,notification,Week of November 2,2026-11-02,,,,approximate-week,src-skeptic-education-ev-003,2026-09-04T23:00:00-06:00,Week marker only; actual day unknown
dl-adaptive-systems-dl-icsa-saip-paper,ed-evt-ieee-international-conference-on-software-architecture-icsa-2027-sof,proposal_submission,Wed 4 Nov 2026; dates AoE (UTC-12h),2026-11-04,,AoE (UTC-12h),,exact,src-adaptive-systems-ev-icsa-saip,2026-09-04T23:30:00-06:00,No time of day stated on this track page.
dl-judgment-dl-ju-aif-notify,ed-evt-ai-festival-ai-festival-2027,notification,"Nov. 5th 2026, feedback to all applicants",2026-11-05,,,,confirmed,src-judgment-ev-ju-aif-current,2026-09-04T21:30:00-06:00,
dl-skeptic-education-dl-chea-visa,ed-evt-chea-annual-conference-chea-2027-annual-conference,visa_letter_request,"before or by November 6, 2026",2026-11-06,,,,exact,src-skeptic-education-ev-008,2026-09-04T23:00:00-06:00,Only relevant if an invitation letter is needed
dl-skeptic-education-dl-fl-cfp,ed-evt-florida-online-innovation-summit-florida-online-innovation-summit-20,cfp_deadline,"November 6, 2026",2026-11-06,,,,exact,src-skeptic-education-ev-021,2026-09-04T23:00:00-06:00,No time zone stated
dl-evidence-learning-dl-olc-submit,ed-evt-olc-innovate-olc-innovate-2027,cfp_deadline,"November 10, 2026 (by 11:59pm ET)",2026-11-10,23:59,ET,2026-11-11T04:59:00Z,exact,src-evidence-learning-src-olc-cfp,2026-09-04T12:00:00-06:00,UTC conversion uses EST in effect on this date.
dl-skeptic-education-dl-olc-cfp,ed-evt-olc-innovate-olc-innovate-2027,cfp_deadline,"November 10, 2026 (by 11:59pm ET)",2026-11-10,23:59,ET,2026-11-11T04:59:00Z,exact,src-skeptic-education-ev-018,2026-09-04T23:00:00-06:00,UTC conversion assumes Eastern Standard Time
dl-evidence-learning-dl-lilac-submit,ed-evt-lilac-lilac-2027,cfp_deadline,11 November 2026 (16:00 GMT),2026-11-11,16:00,GMT,2026-11-11T16:00:00Z,exact,src-evidence-learning-src-lilac-cfp,2026-09-04T12:00:00-06:00,
dl-judgment-dl-ju-apqc-notify,ed-evt-apqc-connect-apqc-connect-2027,notification,"November 12, 2026",2026-11-12,,,,confirmed,src-judgment-ev-ju-apqc-current,2026-09-04T21:40:00-06:00,
dl-skeptic-education-dl-hec-advance,ed-evt-honolulu-education-conference-honolulu-education-conference-2027,cfp_advance_deadline,"Friday, November 13, 2026",2026-11-13,,,,exact,src-skeptic-education-ev-027,2026-09-04T23:00:00-06:00,"This is explicitly an advance deadline, not necessarily final close"
dl-evidence-learning-dl-hec-submit,ed-evt-honolulu-education-conference-honolulu-education-conference-2027,cfp_deadline,"advance deadline for proposals is Friday, November 13, 2026",2026-11-13,,,,exact,src-evidence-learning-src-hec-cfp,2026-09-04T12:00:00-06:00,Labeled advance deadline; later route not verified.
dl-evidence-learning-dl-isls-workshop,ed-evt-isls-annual-meeting-icls-and-cscl-isls-annual-meeting-2027,cfp_deadline,"November 13, 2026: pre-conference workshop submissions due",2026-11-13,,,,exact,src-evidence-learning-src-isls-cfp,2026-09-04T12:00:00-06:00,Workshop route requires substantial adaptation.
dl-evidence-learning-dl-lilly-austin-early,ed-evt-lilly-conference-austin-lilly-austin-2027,cfp_early_decision,"November 15, 2026",2026-11-15,,,,exact,src-evidence-learning-src-lilly-austin-cfp,2026-09-04T12:00:00-06:00,Rolling review continues; early decision promises acceptance or revise-and-resubmit feedback.
dl-evidence-learning-dl-osu-submit,ed-evt-ohio-state-learning-design-day-fresh-ideas-ohio-state-learning-desig,cfp_deadline,"Sunday, November 15th",2026-11-15,,,,exact-context,src-evidence-learning-src-osu-cfp,2026-09-04T12:00:00-06:00,Year omitted on page; normalized from 2027 symposium context and weekday match.
dl-skeptic-education-dl-osu-cfp,ed-evt-ohio-state-learning-design-day-ohio-state-learning-design-day-2027,cfp_deadline,"Sunday, November 15th",2026-11-15,,,,exact,src-skeptic-education-ev-023,2026-09-04T23:00:00-06:00,Year inferred only from 2027 edition context; no time zone stated
dl-retrieval-dl-agenticcon-notify-2,ed-evt-agenticcon-agenticcon-2027,notification,Acceptance emails Nov 17,2026-11-17,,,,official-conflict,src-retrieval-src-agenticcon-cfp,2026-09-04T12:00:00-06:00,Same page key-dates section says October 20
dl-benchmarks-dl-srecon-cfp,ed-evt-srecon-americas-srecon27-americas,cfp,"November 19, 2026, 11:59 pm Pacific Time",2026-11-19,23:59,Pacific Time,,confirmed,src-benchmarks-ev-srecon-current,2026-09-04T23:00:00-06:00,Numeric UTC offset not stated; UTC deliberately omitted
dl-adaptive-systems-dl-srecon-close,ed-evt-srecon-americas-srecon27-americas,cfp_close,"Thursday, November 19, 2026 at 11:59 pm Pacific Time",2026-11-19,23:59,Pacific Time,,exact,src-adaptive-systems-ev-srecon-current,2026-09-04T23:30:00-06:00,No numeric offset was stated; UTC conversion intentionally omitted.
dl-retrieval-dl-srecon-close,ed-evt-srecon-americas-srecon27-americas,cfp_close,"Thursday, November 19, 2026 at 11:59 pm Pacific Time",2026-11-19,23:59,Pacific Time,,exact-as-stated,src-retrieval-src-srecon27-cfp,2026-09-04T12:00:00-06:00,
dl-failure-improvement-dl-fi-sre-cfp,ed-evt-srecon-americas-srecon27-americas,cfp_deadline,"Thursday, November 19, 2026, 11:59 p.m. Pacific Time",2026-11-19,23:59,Pacific Time,,confirmed,src-failure-improvement-ev-fi-sre-current,2026-09-04T23:20:00-06:00,Source does not specify PST/PDT abbreviation; UTC not normalized.
dl-adaptive-systems-dl-thinkai-close,ed-evt-think-ai-summit-think-ai-summit-2027,abstract_submission,"Abstract Submission Due Date: November 20, 2026",2026-11-20,,,,exact,src-adaptive-systems-ev-thinkai-current,2026-09-04T23:30:00-06:00,Intake is announced-not-open as of verification.
dl-benchmarks-dl-thinkai-cfp,ed-evt-think-ai-summit-think-ai-summit-2027,cfp,"November 20, 2026",2026-11-20,,,,confirmed,src-benchmarks-ev-thinkai,2026-09-04T23:00:00-06:00,Call is announced but page says intake will open soon
dl-adaptive-systems-dl-aoma-notify,ed-evt-aoma-adaptive-organizations-meet-architecture-aoma-2027,notification,"Final notice ... November 23, 2026",2026-11-23,,,,exact,src-adaptive-systems-ev-aoma-current,2026-09-04T23:30:00-06:00,
dl-retrieval-dl-aoma-notify,ed-evt-aoma-adaptive-organizations-meet-architecture-aoma-2027,notification,"Final notice ... by November 23, 2026",2026-11-23,,,,exact,src-retrieval-src-aoma-cfp,2026-09-04T12:00:00-06:00,
dl-failure-improvement-dl-fi-pydata-close,ed-evt-pydata-venice-pydata-venice-2026-series,rolling_route_end,30 Nov 2026 11:59 PM W. Europe Standard Time UTC+01:00,2026-11-30,23:59,W. Europe Standard Time UTC+01:00,2026-11-30T22:59:00Z,confirmed,src-failure-improvement-ev-fi-pydata-current,2026-09-05T00:16:00-06:00,
dl-evidence-learning-dl-ala-notify,ed-evt-ala-annual-conference-and-exhibition-ala-annual-conference-2027,notification,December 2026,2026-12,,,,exact-month,src-evidence-learning-src-ala-cfp,2026-09-04T12:00:00-06:00,Month only; not placed on a specific calendar date.
dl-skeptic-education-dl-ala-notify,ed-evt-ala-annual-conference-and-exhibition-ala-annual-conference-2027,notification,December 2026,2026-12-01,,,,approximate-month,src-skeptic-education-ev-024,2026-09-04T23:00:00-06:00,ISO is a month marker only
dl-skeptic-education-dl-iste-notify,ed-evt-istelive-istelive-27,notification,Notifications will be sent out in December,2026-12-01,,, ,approximate-month,src-skeptic-education-ev-002,2026-09-04T23:00:00-06:00,ISO uses first day only as month marker; not a confirmed day and must not be calendared as a deadline
dl-adaptive-systems-dl-kccnc-notify,ed-evt-kubecon-cloudnativecon-europe-kubecon-cloudnativecon-europe-2027,notification,"Monday, 7 December",2026-12-07,,,,exact,src-adaptive-systems-ev-kccnc-main,2026-09-04T23:30:00-06:00,
dl-benchmarks-dl-kccnc-notify,ed-evt-kubecon-cloudnativecon-europe-kubecon-cloudnativecon-europe-2027,notification,"December 7, 2026",2026-12-07,,,,confirmed,src-benchmarks-ev-kccnc-current,2026-09-04T23:00:00-06:00,
dl-free-tier-dl-kubecon-eu-notify,ed-evt-kubecon-cloudnativecon-europe-kubecon-cloudnativecon-europe-2027,notification,"Monday, 7 December",2026-12-07,,,,exact,src-free-tier-src-kubecon-eu-cfp,2026-09-04T12:00:00-06:00,Year supplied by 2027 edition context
dl-benchmarks-dl-kccnc-schedule,ed-evt-kubecon-cloudnativecon-europe-kubecon-cloudnativecon-europe-2027,materials,"Schedule announced December 9, 2026",2026-12-09,,,,confirmed,src-benchmarks-ev-kccnc-current,2026-09-04T23:00:00-06:00,
dl-adaptive-systems-dl-kccnc-schedule,ed-evt-kubecon-cloudnativecon-europe-kubecon-cloudnativecon-europe-2027,schedule_announcement,"Wednesday, 9 December",2026-12-09,,,,exact,src-adaptive-systems-ev-kccnc-main,2026-09-04T23:30:00-06:00,
dl-failure-improvement-dl-fi-kube-schedule,ed-evt-kubecon-cloudnativecon-europe-kubecon-cloudnativecon-europe-2027,schedule_announcement,"December 9, 2026",2026-12-09,,,,confirmed,src-failure-improvement-ev-fi-kube-current,2026-09-04T23:25:00-06:00,
dl-evidence-learning-dl-dtl-confirm,ed-evt-upcea-digital-teaching-and-learning-conference-2027-upcea-digital-te,speaker_confirmation,December 10,2026-12-10,,,,exact,src-evidence-learning-src-dtl-cfp,2026-09-04T12:00:00-06:00,
dl-skeptic-education-dl-upcea-confirm,ed-evt-upcea-digital-teaching-and-learning-conference-2027-upcea-digital-te,speaker_registration,register for the conference by December 10,2026-12-10,,,,exact,src-skeptic-education-ev-003,2026-09-04T23:00:00-06:00,
dl-judgment-dl-ju-uxdx-cfp,ed-evt-uxdx-uxdx-new-york-2027,cfp_deadline,Apply by 10 Dec 2026,2026-12-10,,,,confirmed,src-judgment-ev-ju-uxdx-current,2026-09-04T21:05:00-06:00,No time or timezone stated.
dl-failure-improvement-dl-fi-datasummit-cfp,ed-evt-data-summit-data-summit-2027,cfp_deadline,"December 11, 2026",2026-12-11,,,,confirmed,src-failure-improvement-ev-fi-datasummit-current,2026-09-05T00:18:00-06:00,No time or timezone stated.
dl-judgment-dl-ju-possible-cfp,ed-evt-possible-possible-2027,cfp_deadline,"Submissions open August 4, 2026 to December 11, 2026",2026-12-11,,,,confirmed,src-judgment-ev-ju-poss-current,2026-09-04T22:10:00-06:00,No time or timezone stated.
dl-adaptive-systems-dl-srecon-notify,ed-evt-srecon-americas-srecon27-americas,notification,"Saturday, December 12, 2026",2026-12-12,,,,exact,src-adaptive-systems-ev-srecon-current,2026-09-04T23:30:00-06:00,
dl-benchmarks-dl-srecon-notify,ed-evt-srecon-americas-srecon27-americas,notification,"December 12, 2026",2026-12-12,,,,confirmed,src-benchmarks-ev-srecon-current,2026-09-04T23:00:00-06:00,
dl-failure-improvement-dl-fi-idi-cfp,ed-evt-incontro-devops-italia-incontro-devops-italia-2027,cfp_deadline,13 Dec 2026 11:59 PM W. Europe Standard Time UTC+01:00,2026-12-13,23:59,W. Europe Standard Time UTC+01:00,2026-12-13T22:59:00Z,confirmed,src-failure-improvement-ev-fi-idi-current,2026-09-05T00:02:00-06:00,
dl-adaptive-systems-dl-agentics-notify,ed-evt-agentics-day-mcp-agents-europe-agentics-day-mcp-agents-europe-2027,notification,"Monday, 14 December 2026",2026-12-14,,,,exact,src-adaptive-systems-ev-colocated-common,2026-09-04T23:30:00-06:00,
dl-failure-improvement-dl-fi-agentics-notify,ed-evt-agentics-day-mcp-agents-europe-agentics-day-mcp-agents-europe-2027,notification,"December 14, 2026",2026-12-14,,,,confirmed,src-failure-improvement-ev-fi-agentics-current,2026-09-04T23:30:00-06:00,
dl-adaptive-systems-dl-cnai-notify,ed-evt-cloud-native-ai-inference-day-europe-cloud-native-ai-inference-day-e,notification,"Monday, 14 December 2026",2026-12-14,,,,exact,src-adaptive-systems-ev-colocated-common,2026-09-04T23:30:00-06:00,
dl-benchmarks-dl-obsday-notify,ed-evt-observability-day-europe-observability-day-europe-2027,notification,"December 14, 2026",2026-12-14,,,,confirmed,src-benchmarks-ev-colocated-cfp,2026-09-04T23:00:00-06:00,
dl-adaptive-systems-dl-icsa-saip-notify,ed-evt-ieee-international-conference-on-software-architecture-icsa-2027-sof,notification,Tue 15 Dec 2026,2026-12-15,,,,exact,src-adaptive-systems-ev-icsa-saip,2026-09-04T23:30:00-06:00,
dl-evidence-learning-dl-inqaahe-notify,ed-evt-inqaahe-biennial-conference-inqaahe-conference-2027,notification,15 December 2026,2026-12-15,,,,exact,src-evidence-learning-src-inqaahe-cfp,2026-09-04T12:00:00-06:00,
dl-evidence-learning-dl-osu-notify,ed-evt-ohio-state-learning-design-day-fresh-ideas-ohio-state-learning-desig,notification,"Tuesday, December 15th",2026-12-15,,,,exact-context,src-evidence-learning-src-osu-cfp,2026-09-04T12:00:00-06:00,Year omitted on page; normalized from sequence before January 2027 registration and weekday match.
dl-skeptic-education-dl-osu-notify,ed-evt-ohio-state-learning-design-day-ohio-state-learning-design-day-2027,notification,"Tuesday, December 15th",2026-12-15,,,,exact,src-skeptic-education-ev-023,2026-09-04T23:00:00-06:00,Year inferred only from 2027 edition context
dl-evidence-learning-dl-usdla-submit,ed-evt-usdla-national-conference-usdla-2027-national-conference,cfp_deadline,"Tuesday, December 15, 2026, at 11:59 p.m. ET",2026-12-15,23:59,ET,2026-12-16T04:59:00Z,exact,src-evidence-learning-src-usdla-cfp,2026-09-04T12:00:00-06:00,UTC conversion uses EST in effect on this date.
dl-skeptic-education-dl-usdla-cfp,ed-evt-usdla-national-conference-usdla-2027-national-conference,cfp_deadline,"Tuesday, December 15, 2026, 11:59 p.m. ET",2026-12-15,23:59,ET,2026-12-16T04:59:00Z,exact,src-skeptic-education-ev-010,2026-09-04T23:00:00-06:00,UTC conversion assumes Eastern Standard Time on December 15
dl-failure-improvement-dl-fi-agentics-schedule,ed-evt-agentics-day-mcp-agents-europe-agentics-day-mcp-agents-europe-2027,schedule_announcement,"December 16, 2026",2026-12-16,,,,confirmed,src-failure-improvement-ev-fi-agentics-current,2026-09-04T23:30:00-06:00,
dl-benchmarks-dl-obsday-schedule,ed-evt-observability-day-europe-observability-day-europe-2027,materials,"Schedule announced December 16, 2026",2026-12-16,,,,confirmed,src-benchmarks-ev-colocated-cfp,2026-09-04T23:00:00-06:00,
dl-retrieval-dl-dutch-ai-close,ed-evt-dutch-ai-conference-dutch-ai-conference-2027,cfp_close,Call for Papers closes on December 18th,2026-12-18,,,,exact-from-edition-context,src-retrieval-src-dutch-ai-cfp,2026-09-04T12:00:00-06:00,No time zone stated
dl-evidence-learning-dl-lilac-notify,ed-evt-lilac-lilac-2027,notification,18 December 2026,2026-12-18,,,,exact,src-evidence-learning-src-lilac-cfp,2026-09-04T12:00:00-06:00,
dl-adaptive-systems-dl-icsa-tutorial,ed-evt-ieee-international-conference-on-software-architecture-icsa-2027-tut,proposal_submission,"December 20, 2026; 23:59h AoE (UTC-12h)",2026-12-20,23:59,AoE (UTC-12h),2026-12-21T11:59:00Z,exact,src-adaptive-systems-ev-icsa-tutorial,2026-09-04T23:30:00-06:00,
dl-failure-improvement-dl-fi-cnm-close,ed-evt-cloud-native-mumbai-cloud-native-mumbai-2026-rolling-call,rolling_route_end,31 Dec 2026 11:59 PM India Standard Time UTC+05:30,2026-12-31,23:59,India Standard Time UTC+05:30,2026-12-31T18:29:00Z,confirmed,src-failure-improvement-ev-fi-cnm-current,2026-09-05T00:14:00-06:00,Route end is not a guaranteed cutoff for the September session.
dl-free-tier-dl-dod-raleigh-close,ed-evt-devopsdays-raleigh-devopsdays-raleigh-2027,cfp_close,"closes Friday, Jan 1, 2027",2027-01-01,,,,exact,src-free-tier-src-dod-raleigh-propose,2026-09-04T12:00:00-06:00,
dl-skeptic-education-dl-iste-confirm,ed-evt-istelive-istelive-27,speaker_confirmation,confirmations due in January,2027-01-01,,,,approximate-month,src-skeptic-education-ev-002,2026-09-04T23:00:00-06:00,ISO uses first day only as month marker; actual day unknown
dl-benchmarks-dl-srecon-confirm,ed-evt-srecon-americas-srecon27-americas,confirmation,"January 6, 2027",2027-01-06,,,,confirmed,src-benchmarks-ev-srecon-current,2026-09-04T23:00:00-06:00,
dl-adaptive-systems-dl-srecon-confirm,ed-evt-srecon-americas-srecon27-americas,confirmation_and_materials,"Wednesday, January 6, 2027",2027-01-06,,,,exact,src-adaptive-systems-ev-srecon-current,2026-09-04T23:30:00-06:00,
dl-benchmarks-dl-srecon-materials,ed-evt-srecon-americas-srecon27-americas,materials,"January 6, 2027",2027-01-06,,,,confirmed,src-benchmarks-ev-srecon-current,2026-09-04T23:00:00-06:00,
dl-retrieval-dl-srecon-materials,ed-evt-srecon-americas-srecon27-americas,materials_and_confirmation,"Wednesday, January 6, 2027",2027-01-06,,,,exact,src-retrieval-src-srecon27-cfp,2026-09-04T12:00:00-06:00,
dl-failure-improvement-dl-fi-sre-confirm,ed-evt-srecon-americas-srecon27-americas,speaker_confirmation,"January 6, 2027",2027-01-06,,,,confirmed,src-failure-improvement-ev-fi-sre-current,2026-09-04T23:20:00-06:00,
dl-skeptic-education-dl-fl-notify,ed-evt-florida-online-innovation-summit-florida-online-innovation-summit-20,notification,"January 11, 2027",2027-01-11,,,,exact,src-skeptic-education-ev-021,2026-09-04T23:00:00-06:00,
dl-evidence-learning-dl-lilly-austin-final,ed-evt-lilly-conference-austin-lilly-austin-2027,cfp_deadline,"no later than January 15, 2027; may close sooner if program is filled",2027-01-15,,,,rolling-latest,src-evidence-learning-src-lilly-austin-cfp,2026-09-04T12:00:00-06:00,Not a guaranteed availability date because the program may fill earlier.
dl-evidence-learning-dl-dtl-materials,ed-evt-upcea-digital-teaching-and-learning-conference-2027-upcea-digital-te,materials_deadline,"January 15, 2027",2027-01-15,,,,exact,src-evidence-learning-src-dtl-cfp,2026-09-04T12:00:00-06:00,
dl-skeptic-education-dl-upcea-materials,ed-evt-upcea-digital-teaching-and-learning-conference-2027-upcea-digital-te,materials_deadline,"provide electronic versions ... by January 15, 2027",2027-01-15,,,,exact,src-skeptic-education-ev-003,2026-09-04T23:00:00-06:00,
dl-evidence-learning-dl-usdla-notify,ed-evt-usdla-national-conference-usdla-2027-national-conference,notification,"Friday January 15, 2027",2027-01-15,,,,exact,src-evidence-learning-src-usdla-cfp,2026-09-04T12:00:00-06:00,
dl-adaptive-systems-dl-icsa-tutorial-notify,ed-evt-ieee-international-conference-on-software-architecture-icsa-2027-tut,notification,"January 19, 2027",2027-01-19,,,,exact,src-adaptive-systems-ev-icsa-tutorial,2026-09-04T23:30:00-06:00,
dl-evidence-learning-dl-ucf-submit,ed-evt-teaching-and-learning-with-ai-conference-teaching-and-learning-with-,cfp_deadline,"January 22, 2027",2027-01-22,,,,exact,src-evidence-learning-src-ucf-2027,2026-09-04T12:00:00-06:00,
dl-skeptic-education-dl-ucf-cfp,ed-evt-teaching-and-learning-with-ai-conference-teaching-and-learning-with-,cfp_deadline,"January 22, 2027",2027-01-22,,,,exact,src-skeptic-education-ev-019,2026-09-04T23:00:00-06:00,No time zone stated
dl-adaptive-systems-dl-icsa-tutorial-materials,ed-evt-ieee-international-conference-on-software-architecture-icsa-2027-tut,camera_ready,"January 29, 2027",2027-01-29,,,,exact,src-adaptive-systems-ev-icsa-tutorial,2026-09-04T23:30:00-06:00,
dl-evidence-learning-dl-isls-notify,ed-evt-isls-annual-meeting-icls-and-cscl-isls-annual-meeting-2027,notification,"February 1, 2027",2027-02-01,,,,exact,src-evidence-learning-src-isls-cfp,2026-09-04T12:00:00-06:00,
dl-evidence-learning-dl-olc-notify,ed-evt-olc-innovate-olc-innovate-2027,notification,"February 3, 2027",2027-02-03,,,,exact,src-evidence-learning-src-olc-cfp,2026-09-04T12:00:00-06:00,
dl-evidence-learning-dl-icaied-submit,ed-evt-international-conference-on-ai-in-education-2027-icaied-london-2027,cfp_deadline,Abstract submission closes 5 February 2027,2027-02-05,,,,exact,src-evidence-learning-src-icaied-cfp,2026-09-04T12:00:00-06:00,
dl-skeptic-education-dl-icaied-cfp,ed-evt-international-conference-on-ai-in-education-2027-icaied-london-2027,cfp_deadline,5 February 2027,2027-02-05,,,,exact,src-skeptic-education-ev-026,2026-09-04T23:00:00-06:00,No time zone stated
dl-evidence-learning-dl-ucf-notify,ed-evt-teaching-and-learning-with-ai-conference-teaching-and-learning-with-,notification,"February 15, 2027",2027-02-15,,,,exact,src-evidence-learning-src-ucf-2027,2026-09-04T12:00:00-06:00,
dl-evidence-learning-dl-inqaahe-final,ed-evt-inqaahe-biennial-conference-inqaahe-conference-2027,materials_deadline,28 February 2027,2027-02-28,,,,exact,src-evidence-learning-src-inqaahe-cfp,2026-09-04T12:00:00-06:00,
dl-evidence-learning-dl-olc-confirm,ed-evt-olc-innovate-olc-innovate-2027,speaker_confirmation,"March 9, 2027: deadline for presenters to register",2027-03-09,,,,exact,src-evidence-learning-src-olc-cfp,2026-09-04T12:00:00-06:00,
dl-skeptic-education-dl-olc-register,ed-evt-olc-innovate-olc-innovate-2027,speaker_registration,"March 9, 2027",2027-03-09,,,,exact,src-skeptic-education-ev-018,2026-09-04T23:00:00-06:00,
dl-evidence-learning-dl-wscuc-materials,ed-evt-wscuc-accreditation-resource-conference-arc2027,materials_deadline,"March 19, 2027",2027-03-19,,,,exact,src-evidence-learning-src-wscuc-cfp,2026-09-04T12:00:00-06:00,
dl-evidence-learning-dl-lilac-materials,ed-evt-lilac-lilac-2027,materials_deadline,7 April 2027,2027-04-07,,,,exact,src-evidence-learning-src-lilac-cfp,2026-09-04T12:00:00-06:00,
dl-skeptic-education-dl-herdsa-grants,ed-evt-herdsa-annual-conference-herdsa-2027,grant_deadline,"5pm AEDST, 8 April 2027",2027-04-08,17:00,AEDST,2027-04-08T06:00:00Z,exact,src-skeptic-education-ev-030,2026-09-04T23:00:00-06:00,Only for eligible student or early-career grants; not a CFP deadline
dl-evidence-learning-dl-ucf-confirm,ed-evt-teaching-and-learning-with-ai-conference-teaching-and-learning-with-,speaker_confirmation,"Presenters must register by April 9, 2027",2027-04-09,,,,exact,src-evidence-learning-src-ucf-2027,2026-09-04T12:00:00-06:00,
dl-skeptic-education-dl-ucf-register,ed-evt-teaching-and-learning-with-ai-conference-teaching-and-learning-with-,speaker_registration,"must register by April 9, 2027",2027-04-09,,,,exact,src-skeptic-education-ev-019,2026-09-04T23:00:00-06:00,
dl-evidence-learning-dl-olc-materials,ed-evt-olc-innovate-olc-innovate-2027,materials_deadline,"April 13, 2027",2027-04-13,,,,exact,src-evidence-learning-src-olc-cfp,2026-09-04T12:00:00-06:00,
dl-evidence-learning-dl-usdla-confirm,ed-evt-usdla-national-conference-usdla-2027-national-conference,speaker_confirmation,Presenters must register by May 14th 2027,2027-05-14,,,,exact,src-evidence-learning-src-usdla-cfp,2026-09-04T12:00:00-06:00,
dl-failure-improvement-dl-fi-gaic-close,ed-evt-global-ai-community-seattle-global-ai-community-seattle-2026-2027-se,rolling_route_end,30 Jun 2027 11:59 PM Pacific Daylight Time UTC-07:00,2027-06-30,23:59,Pacific Daylight Time UTC-07:00,2027-07-01T06:59:00Z,confirmed,src-failure-improvement-ev-fi-gaic-current,2026-09-05T00:12:00-06:00,Route spans multiple meetup dates; this is not a per-edition cutoff.
dl-judgment-dl-ju-km-notify,ed-evt-kmworld-europe-kmworld-europe-2027,notification,December 2026,,,,,month_only,src-judgment-ev-ju-km-current,2026-09-04T22:15:00-06:00,No day stated.
dl-judgment-dl-ju-possible-followup,ed-evt-possible-possible-2027,further_consideration,By late January,,,,,approximate,src-judgment-ev-ju-poss-current,2026-09-04T22:10:00-06:00,Not a confirmed notification date; retained only as raw timing.
dl-skeptic-education-dl-training-cfp,ed-evt-training-conference-and-expo-training-2027-conference-and-expo,cfp_deadline,closed in mid-June,,,,,historical-closed,src-skeptic-education-ev-050,2026-09-04T23:00:00-06:00,No exact day published on reviewed FAQ; intentionally no ISO date
dl-evidence-learning-dl-wscuc-notify,ed-evt-wscuc-accreditation-resource-conference-arc2027,notification,Late December 2026 through January 2027,,,,,range,src-evidence-learning-src-wscuc-cfp,2026-09-04T12:00:00-06:00,No single date can be normalized.
