composite_rank,composite_score,source_type,opportunity_name,edition_or_route,location,mode,event_start_date,cfp_status,deadline_date,primary_talk_id,primary_talk,backup_talk_id,topic_fit,known_points,evidence_coverage_percent,effective_fit_score,fit_penalty,location_preference,location_basis,application_ease,ease_basis,popularity_score,popularity_basis,timing_score,timing_basis,application_route,next_action,constraints_unknowns,source_url
1,1.545,community/meetup,San Diego Python,Preferred US cities,San Diego in person; remote speakers accepted,remote/online,,public form/contact route,,failure-improvement,Automating Improvement From Failure,,"Failure, Adaptive, Retrieval, Benchmarks, Parallelization, Product, and Free tier with a Python or engineering example",82,80,65.6,2.38,1,Remote or online participation is available.,1,Researcher-rated route and format effort; 1 is easiest and 5 is hardest.,5,"Public organizer/platform signal of at least 5,573 members, registrations, attendees, or reach.",3,Recurring or contact-based route; the next listed event is not proof that a speaker slot remains open.,Direct public Present at our meetup form. The normal ask is a five-to-seven-minute talk; longer talks are possible with approval. Official site,Review the public route and decide whether to prepare the indicated talk or demo format.,"Next confirmed speaker agenda, maximum approved duration, selection timing, and any help for travel presenters.",https://www.sandiegopython.org/
2,1.57,conference/event,ISTELive,ISTELive 27,"Boston, USA",hybrid,2027-06-27,open,2026-09-30,skeptic-education,A Skeptic's Guide to Surviving AI in Education,,"Teaching/learning and assessment are explicit topics; 2026 program proves appetite for authentic assessment, productive struggle, and distinguishing learning from AI-assisted production",88.0,83.0,73.0,2.08,1,Exact preferred city.,2,Standard public proposal or organizer route with no hard requirement found.,5,Established flagship or large organizer-backed event; exact audience count may be an organizer claim or unstated.,2,Confirmed deadline in 25 days.,"Up to five proposals; title, description, outcomes, audience, resources, presenter profile; adult presenters register",Retarget examples to teachers/district leaders and submit by 2026-09-30; avoid duplicating heavily saturated 'AI-resistant assessment' framing,"Current package is higher-ed weighted and needs K-12 examples; adult presenters must register; economics unknown | Registration price, travel support, rights, accessibility details, and Dan's eligibility/affiliation remain unknown",https://conference.iste.org/2027/presenters/submit_proposal.php
3,1.61,conference/event,Sparking Success Faculty Development Conference,Sparking Success 2027,"New Orleans, United States",in-person,2027-01-06,open,2026-10-20,evidence-learning,"Outsmart Your Lying, Cheating Students",,"Small faculty-development conference has clear appetite for evidence-of-learning and AI topics, with a public application route.",82.0,84.0,68.9,2.24,1,Exact preferred city.,2,Standard public proposal or organizer route with no hard requirement found.,5,Established flagship or large organizer-backed event; exact audience count may be an organizer claim or unstated.,2,Confirmed deadline in 45 days.,Application route linked; detailed fields not captured,Confirm external-presenter eligibility through the public conference contact before investing in the application.,"FINALIST; deadline year inferred from page context; external presenter eligibility and costs unknown | Deadline year is inferred from the 2026-27 page context; external eligibility, economics, rights, accessibility, and format duration unknown.",https://celt.tulane.edu/sparking-success
4,1.63,community/meetup,Rocky Mountain AI Interest Group (RMAIIG),Denver/Colorado,"Boulder, Broomfield, Denver, and Fort Collins; in person",in-person,2026-09-17,public form/contact route,,skeptic-education,A Skeptic's Guide to Surviving AI in Education,,"All ten; particularly Education, Adaptive, Product, Retrieval, Benchmarks, and Judgment. Main events favor broad, practical explanations.",90,80,72.0,2.12,1,Exact preferred city.,1,Researcher-rated route and format effort; 1 is easiest and 5 is hardest.,4,"Public organizer/platform signal of at least 4,515.",3,Recurring or contact-based route; the next listed event is not proof that a speaker slot remains open.,The group page exposes Message organizers; its September event also has a direct community demo form. Group and organizer route,Review the public route and decide whether to prepare the indicated talk or demo format.,,https://docs.google.com/forms/d/e/1FAIpQLSfN6b3LnMY6p6ppoCWQRxPisIXOZxNIUELyiobzZ3J8BHj5fw/viewform
5,1.657,conference/event,SREcon Americas,SREcon27 Americas,"Seattle, United States",in-person,2027-04-12,open,2026-11-19,retrieval,From RAGs to Retrievals,benchmarks,2027 theme asks what remains foundational as AI becomes a teammate; prior program includes exact terminology-bridge and agent-operations talks.,95.0,94.0,89.3,1.43,1,Exact preferred city.,2,Standard public proposal or organizer route with no hard requirement found.,4,Established recurring conference or community series with visible program history.,3,Confirmed deadline in 75 days.,Proposal and speaker details; two-phase review; human-written attestation.,Use the 35-minute slot and reframe retrieval/context slides around production diagnosis and control.,"FINALIST; must attest content is primarily human-written; needs a stronger reliability through-line; travel/economics unknown | Format, speaker economics, travel/hotel, accessibility, and 2027 recording terms unknown. | Speaker economics, rights, accessibility, format, and numeric UTC offset unknown | Travel support, speaker costs, recording rights, accessibility details, and public attendance figure not found. Dan's eligibility facts beyond supplied material are unknown. | Speaker registration, travel/honorarium, rights, accessibility, and sufficient SRE connection | MERGE CONFLICTS/VARIANTS — date_status: exact | confirmed; country: United States | USA; eligibility: Open internationally; new speakers encouraged. Speaker must submit own human-written proposal; content cannot be entirely or substantively generated by AI. | Public participation call; content must be primarily human-written and attested | Human-authored submission attestation; practitioner reliability content | International and new speakers welcome; presenter must submit own proposal and attest content is primarily human-written; formats_and_durations: 15 minutes plus 5 Q&A; 35 minutes plus 10 Q&A | Talk formats/durations not visible in retrieved excerpt | Format/duration not captured | 15+5 Q&A; 35+10 Q&A; lightning CFP later; submission_requirements: Proposal and speaker details; two-phase review; human-written attestation. | Proposal plus required human-authorship attestation; practical technical depth expected | Proposal describing concrete operational experience and takeaways | Two-phase submission; technical guidance and applied experience favored; recording_rights: USENIX commonly posts slides/video, confirmed for 2026 archive; 2027 rights terms not located | unknown; verified_at: 2026-09-04T23:20:00-06:00 | 2026-09-04T23:30:00-06:00 | 2026-09-04T23:00:00-06:00 | 2026-09-04T12:00:00-06:00",https://www.usenix.org/conference/srecon27americas/call-for-participation
6,1.695,community/meetup,ACM Austin: Enterprise AI & Engineering,Preferred US cities,Austin; in person with some online programming,remote/online,2026-09-17,public form/contact route,,product-engineering,The Future of Product Engineering,,All eight engineering/product talks; Education also fits with a computing-education or integrity angle,82,80,65.6,2.38,1,Remote or online participation is available.,1,Researcher-rated route and format effort; 1 is easiest and 5 is hardest.,4,"Public organizer/platform signal of at least 1,771.",3,Recurring or contact-based route; the next listed event is not proof that a speaker slot remains open.,"Direct rolling Sessionize route: submit a talk. The group openly asks for real-world talks, demos, or research. Meetup",Review the public route and decide whether to prepare the indicated talk or demo format.,"Whether the October agenda still has space, selection timing, recording, and travel support.",https://sessionize.com/austin-acm-meetup/
7,1.695,community/meetup,Denver DevOps Monthly Meetup,Denver/Colorado,"Code Talent, Denver; monthly, in person",in-person,2026-10-15,public form/contact route,,failure-improvement,Automating Improvement From Failure,,"Failure, Adaptive, Benchmarks, Parallelization, Product, and Judgment",82,80,65.6,2.38,1,Exact preferred city.,1,Researcher-rated route and format effort; 1 is easiest and 5 is hardest.,4,"Public organizer/platform signal of at least 2,245.",3,Recurring or contact-based route; the next listed event is not proof that a speaker slot remains open.,"Join its public Slack or message organizers through Meetup; monthly meetings currently use open spaces, so a discussion can be easier than a formal talk",Review the public route and decide whether to prepare the indicated talk or demo format.,,https://www.meetup.com/denverdevops/
8,1.695,community/meetup,FrontEndParty,Preferred US cities,New Orleans; monthly in person,in-person,2026-09-08,public form/contact route,,product-engineering,The Future of Product Engineering,,"Product, Judgment, Failure, Free tier, Adaptive, and Parallelization; the engineering talks need a web/developer-workflow angle",82,80,65.6,2.38,1,Exact preferred city.,1,Researcher-rated route and format effort; 1 is easiest and 5 is hardest.,4,"Public organizer/platform signal of at least 1,761.",3,Recurring or contact-based route; the next listed event is not proof that a speaker slot remains open.,The group has an explicit Apply to present route. Current programming uses one five-to-fifteen-minute feature speaker plus show-and-tell and collaborative debugging. Meetup,Review the public route and decide whether to prepare the indicated talk or demo format.,"The public form target was not independently opened, attendance has recently been small, and travel support is unknown.",https://www.meetup.com/frontendparty/
9,1.708,conference/event,DeveloperWeek,DeveloperWeek 2027,"Santa Clara, United States",in-person,2027-02-09,open,2026-09-18,failure-improvement,Automating Improvement From Failure,parallelization,2026 program already featured agent failure modes and human/agent feedback loops; 2027 route is open.,88.0,90.0,79.2,1.83,2,Near a preferred city or within the Denver/Front Range area.,2,Standard public proposal or organizer route with no hard requirement found.,5,"Public organizer/platform signal of at least 6,000 members, registrations, attendees, or reach.",1,Confirmed deadline in 13 days.,"Speaker application with topic, abstract and profile.",Confirm slot length immediately and prepare a submission before September 18.,"Final deadline is soon and has no stated time/timezone; format/economics unknown. | Format, economics, rights, accessibility, multiple-submission and exclusivity rules unknown; attendance is organizer projection, not audited actual. | Exact session duration, presenter pass, travel, honorarium, rights, accessibility, and Dan's travel availability | Exact duration, presenter pass, travel, honorarium, rights, accessibility, and travel availability | MERGE CONFLICTS/VARIANTS — country: United States | USA; guidelines_url: https://www.developerweek.com/speakers/apply-to-speak/ | https://www.developerweek.com/tracks/; eligibility: Public call; practitioner and technical proposals across four co-located programs. | All speakers must use the public call; biography and affiliation details otherwise unknown | All speakers must use the public call; formats_and_durations: Duration not stated on extracted CFP page | Exact current session duration not found.; submission_requirements: Speaker application with topic, abstract and profile. | Complete all proposal fields and select one of four conference worlds | Complete all fields and select one of four conference worlds; attendance_value: 3000 onsite and 6000 community members advertised for 2027 | 5,000+ annual participants claimed; 2,500 onsite and 2,500 virtual described on About page | 5,000+ annual participants claimed; verified_at: 2026-09-04T12:00:00-06:00 | 2026-09-04T23:58:00-06:00",https://www.developerweek.com/speakers/apply-to-speak/
10,1.71,conference/event,ProductWorld,ProductWorld 2027,"Santa Clara, United States",in-person,2027-02-09,open,2026-09-18,product-engineering,The Future of Product Engineering,judgment,Exact product/product-engineering audience and near-identical 2026 sessions; open editorial CFP.,94.0,100.0,94.0,1.24,2,Near a preferred city or within the Denver/Front Range area.,2,Standard public proposal or organizer route with no hard requirement found.,4,"Public organizer/platform signal of at least 3,000.",1,Confirmed deadline in 13 days.,Complete proposal fields and select ProductWorld; live participation required.,Confirm session length and submit the systems-thinking variant by September 18.,"Duration and travel costs unknown; deadline is close. | Duration, travel/hotel, payment, rights and accessibility unknown.",https://sessionize.com/productworld-2027/
11,1.74,conference/event,PlatformCon,PlatformCon Flagship Week 2027,"London; New York; online, UK; USA; online",hybrid,2027-06-22,announced-not-open,,free-tier,Cry Me a Free Tier,,Official theme says the age of AI runs on platform engineering; virtual reach and archive reuse are strong.,87.0,76.0,66.1,2.36,1,Exact preferred city.,2,Standard public proposal or organizer route with no hard requirement found.,5,"Public organizer/platform signal of at least 280,000 members, registrations, attendees, or reach.",3,Open or rolling route without a confirmed actionable deadline.,unknown,Monitor the official site for the flagship CFP and prepare a platform-product version with reusable worksheet.,FINALIST; no public 2027 CFP details found; London/New York/virtual submission topology unknown | Whether one submission covers virtual/London/New York; CFP dates; formats; economics; travel,https://platformcon.com/
12,1.745,community/meetup,Boston AI Developers Group / AI Camp,Preferred US cities,"Boston; in person, with some networked online events",remote/online,2026-09-29,public form/contact route,,adaptive-systems,Building Adaptive & Dynamic AI Systems,,"Adaptive, Retrieval, Benchmarks, Parallelization, Failure, and Product",82,80,65.6,2.38,1,Remote or online participation is available.,2,Researcher-rated route and format effort; 1 is easiest and 5 is hardest.,5,"Public organizer/platform signal of at least 6,265 members, registrations, attendees, or reach.",3,Recurring or contact-based route; the next listed event is not proof that a speaker slot remains open.,The organizer-managed page explicitly invites prospective speakers to reach out; use Message organizers or the linked AI Camp site. Meetup,Review the public route and decide whether to prepare the indicated talk or demo format.,"No general proposal form, talk length, compensation, travel support, or selection schedule is published.",https://www.meetup.com/aittg-boston/
13,1.745,community/meetup,NYC AI Developers Group / AI Camp,Preferred US cities,New York City; primarily in person,in-person,2026-09-17,public form/contact route,,adaptive-systems,Building Adaptive & Dynamic AI Systems,,"Adaptive, Retrieval, Benchmarks, Parallelization, Failure, Free tier, and Product",82,80,65.6,2.38,1,Exact preferred city.,2,Researcher-rated route and format effort; 1 is easiest and 5 is hardest.,5,"Public organizer/platform signal of at least 12,221 members, registrations, attendees, or reach.",3,Recurring or contact-based route; the next listed event is not proof that a speaker slot remains open.,"Current listings include a Submit Topics route, and the group page invites speakers to reach out. Meetup",Review the public route and decide whether to prepare the indicated talk or demo format.,"Proposal review cadence, format, travel, compensation, and whether the visible form is event-specific.",https://www.meetup.com/aittg-nyc/
14,1.745,community/meetup,Orlando Developers,Preferred US cities,Orlando; in person,in-person,,public form/contact route,,product-engineering,The Future of Product Engineering,,"Product, Failure, Adaptive, Retrieval, Benchmarks, Parallelization, Judgment, and Free tier",82,80,65.6,2.38,1,Exact preferred city.,2,Researcher-rated route and format effort; 1 is easiest and 5 is hardest.,5,"Public organizer/platform signal of at least 8,545 members, registrations, attendees, or reach.",3,Recurring or contact-based route; the next listed event is not proof that a speaker slot remains open.,No standing speaker form was found. Use the public organizer-message route on Meetup or the official Discord; the group runs technical talks and learning sessions. Meetup · community site,Review the public route and decide whether to prepare the indicated talk or demo format.,"Next technical-program date, submission expectations, duration, and whether the organizer prioritizes local speakers.",https://www.meetup.com/orlandodevs/
15,1.78,community/meetup,Artificial Intelligencers,Preferred US cities,Nashville/Brentwood; recurring in person,in-person,2026-09-24,public form/contact route,,adaptive-systems,Building Adaptive & Dynamic AI Systems,,"All ten, especially Adaptive, Retrieval, Benchmarks, Failure, and Education with a concrete experiment",90,80,72.0,2.12,1,Exact preferred city.,1,Researcher-rated route and format effort; 1 is easiest and 5 is hardest.,3,Public organizer/platform signal of at least 527.,3,Recurring or contact-based route; the next listed event is not proof that a speaker slot remains open.,Message the organizers on Meetup or use the public Discord. They maintain a list of people who want to share; presentations and demos run fifteen to twenty minutes. Meetup,Review the public route and decide whether to prepare the indicated talk or demo format.,"September agenda availability, travel support, recording, and whether a slide talk needs a live demonstration.",https://www.meetup.com/nashville-ai-engineering/
16,1.82,conference/event,Data Summit,Data Summit 2027,"Boston, United States",in-person,2027-05-11,open,2026-12-11,parallelization,Rethinking Parallelization in the Agentic Era,failure-improvement,"Agentic AI and operational-data tracks are relevant, although the audience is broader than agent orchestration.",81.0,90.0,72.9,2.08,1,Exact preferred city.,2,Standard public proposal or organizer route with no hard requirement found.,4,Established recurring conference or community series with visible program history.,3,Confirmed deadline in 97 days.,"Proposal for conference tracks including agentic AI, data engineering and operational AI.",Inspect the technical track requirements and submit only if a practitioner architecture slot fits by December 11.,"Format, economics and specific past-session evidence remain incomplete. | Format, economics, rights, accessibility, attendance and eligibility details unknown.",https://www.dbta.com/DataSummit/2027/CallForSpeakers.aspx
17,1.83,community/meetup,AI & Product Colorado,Denver/Colorado,"Boulder and Denver; monthly, in person",in-person,2026-09-14,public form/contact route,,product-engineering,The Future of Product Engineering,,"Product is the direct hit; Judgment, Benchmarks, Adaptive, and Failure also fit product decision-making",90,80,72.0,2.12,1,Exact preferred city.,2,Researcher-rated route and format effort; 1 is easiest and 5 is hardest.,4,"Public organizer/platform signal of at least 1,842.",3,Recurring or contact-based route; the next listed event is not proof that a speaker slot remains open.,Message organizers on the Meetup page. No general speaker form found.,Review the public route and decide whether to prepare the indicated talk or demo format.,,https://www.meetup.com/meetup-group-ai-and-product/
18,1.83,community/meetup,OLLI at the University of Denver,Denver/Colorado,Six Denver-metro sites and Zoom; adult lifelong learning,in-person,2026-09-16,public form/contact route,,skeptic-education,A Skeptic's Guide to Surviving AI in Education,,"Education and Judgment are strongest; Product, Free tier, and broad AI literacy can work as multi-session courses",90,80,72.0,2.12,1,Remote or online participation is available.,2,Researcher-rated route and format effort; 1 is easiest and 5 is hardest.,4,"Public organizer/platform signal of at least 2,000.",3,Recurring or contact-based route; the next listed event is not proof that a speaker slot remains open.,Submit a course proposal through the Facilitator Portal; the office provides guidance and proposal deadlines. Facilitator FAQ and contact,Review the public route and decide whether to prepare the indicated talk or demo format.,,https://olli.du.edu/olli/about/
19,1.833,conference/event,Lilly Conference Austin,Lilly Austin 2027,"Austin, United States",in-person,2027-05-17,open-rolling,2026-11-15,evidence-learning,"Outsmart Your Lying, Cheating Students",skeptic-education,"The edition is explicitly about AI and evidence-based teaching, with exact AI, assessment, and course-redesign tracks.",92.0,78.0,71.8,2.13,1,Exact preferred city.,2,Standard public proposal or organizer route with no hard requirement found.,4,Established recurring conference or community series with visible program history.,3,Confirmed deadline in 71 days.,10-word title; 25-word key statement; 100-word abstract; three outcomes; two tracks; 3-5 references,"Prepare the compact 100-word abstract, three outcomes, and research references; submit before the November 15 early-decision date.","FINALIST; rolling call may close before January 15; requires 3-5 literature references; travel/economics unknown | CFP can close early; registration costs, compensation, travel, rights, and specific past-session evidence unknown. | Deadline absent from reviewed page; CFP form URL, durations, economics, rights, accessibility, and Dan's affiliation unknown | MERGE CONFLICTS/VARIANTS — edition_url: https://www.lillyconferences-tx.com/proposals | https://www.lillyconferences.com/; country: United States | USA; cfp_url: https://www.lillyconferences-tx.com/proposals | https://www.lillyconferences.com/; guidelines_url: https://www.lillyconferences-tx.com/proposals | https://www.lillyconferences.com/; cfp_status: open-rolling | open; eligibility: Higher-education teaching-and-learning contributors; exact presenter credential rules not found | Higher-education teaching community; affiliation requested but restriction not stated; formats_and_durations: Exact 2027 session formats/durations not found in accessible page | 20- or 40-minute presentation; roundtable; digital poster; submission_requirements: 10-word title; 25-word key statement; 100-word abstract; three outcomes; two tracks; 3-5 references | Blind peer review; expected scholarly/evidence-based teaching contribution; accessibility: ADA accommodations requested in writing before registration and at least three months before event | unknown; attendance_value: Series reports 125+ colleges/universities and 30+ states per conference | AI and the Future of Evidence-Based Teaching in Higher Education; attendance_year: 2026 | 2027; verified_at: 2026-09-04T12:00:00-06:00 | 2026-09-04T23:00:00-06:00",https://www.lillyconferences-tx.com/proposals
20,1.845,community/meetup,Denver AI and Machine Learning Group,Denver/Colorado,Westminster/Denver; in person with study sessions,in-person,2026-09-13,public form/contact route,,adaptive-systems,Building Adaptive & Dynamic AI Systems,,"Any technical talk; especially Adaptive, Retrieval, Benchmarks, Parallelization, and Failure",82,80,65.6,2.38,1,Exact preferred city.,1,Researcher-rated route and format effort; 1 is easiest and 5 is hardest.,3,Public organizer/platform signal of at least 674.,3,Recurring or contact-based route; the next listed event is not proof that a speaker slot remains open.,The event explicitly says to message an organizer for a lightning or future extended talk. Meetup,Review the public route and decide whether to prepare the indicated talk or demo format.,,https://www.meetup.com/denverml/
