kind,path,static_import_audit,migration_status,verification_status,import_examples
component,src/components/AdditionalReading.astro,review usage,pending,pending,
component,src/components/AdditionalReading.css,review usage,pending,pending,
component,src/components/AnalyticsTag.astro,reachable,pending,pending,src/layouts/Page.astro; src/layouts/Post.astro
component,src/components/AnimatedLogoType.astro,reachable,pending,pending,src/components/Header.astro
component,src/components/AnimatedLogoType.css,reachable,pending,pending,src/components/AnimatedLogoType.astro
component,src/components/ArticleCard.css,reachable,pending,pending,src/components/ArticleCard.tsx
component,src/components/ArticleCard.tsx,reachable,pending,pending,src/components/HomePage.astro; src/pages/[locale]/pages/[...page].astro; src/pages/category/_CategoryPage.astro; src/pages/pages/[...page].astro
component,src/components/ArticleFilterLinks.astro,review usage,pending,pending,
component,src/components/ArticleListConsultingCTA.astro,review usage,pending,pending,
component,src/components/ArticleListSkeleton.astro,reachable,pending,pending,src/components/HomePage.astro; src/pages/[locale]/pages/[...page].astro; src/pages/pages/[...page].astro
component,src/components/BaseHead.astro,reachable,pending,pending,src/layouts/Page.astro; src/layouts/Post.astro; src/pages/category/_CategoryIndexPage.astro
component,src/components/CategoryLink.astro,reachable,pending,pending,src/layouts/Post.astro
component,src/components/CodeTabs/codeTabs.css,reachable,pending,pending,src/components/CodeTabs/index.tsx
component,src/components/CodeTabs/index.tsx,reachable,pending,pending,src/content/posts/2024-12-29--from-zero-to-regex-hero-extract-url-like-strings/ar/index.mdx; src/content/posts/2024-12-29--from-zero-to-regex-hero-extract-url-like-strings/de/index.mdx; src/content/posts/2024-12-29--from-zero-to-regex-hero-extract-url-like-strings/es/index.mdx; src/content/posts/2024-12-29--from-zero-to-regex-hero-extract-url-like-strings/fr/index.mdx; src/content/posts/2024-12-29--from-zero-to-regex-hero-extract-url-like-strings/he/index.mdx; src/content/posts/2024-12-29--from-zero-to-regex-hero-extract-url-like-strings/hi/index.mdx; src/content/posts/2024-12-29--from-zero-to-regex-hero-extract-url-like-strings/index.mdx; src/content/posts/2024-12-29--from-zero-to-regex-hero-extract-url-like-strings/it/index.mdx
component,src/components/Comments.tsx,reachable,pending,pending,src/layouts/Post.astro
component,src/components/ConsultingCTA.astro,reachable,pending,pending,src/layouts/Post.astro
component,src/components/ContactForm.tsx,reachable,pending,pending,src/pages/_ContactPage.astro
component,src/components/CreatedModifiedLabel.tsx,review usage,pending,pending,
component,src/components/EditOnGitHubLink.tsx,reachable,pending,pending,src/components/Footer.astro
component,src/components/FloatingLines.tsx,review usage,pending,pending,
component,src/components/Footer.astro,reachable,pending,pending,src/layouts/Page.astro; src/layouts/Post.astro; src/pages/category/_CategoryIndexPage.astro
component,src/components/FormattedDate.astro,review usage,pending,pending,
component,src/components/Gist/getGist.ts,reachable,pending,pending,src/components/Gist/index.astro
component,src/components/Gist/index.astro,reachable,pending,pending,src/content/posts/2015-06-12--love-computer-languages/ar/index.mdx; src/content/posts/2015-06-12--love-computer-languages/de/index.mdx; src/content/posts/2015-06-12--love-computer-languages/es/index.mdx; src/content/posts/2015-06-12--love-computer-languages/fr/index.mdx; src/content/posts/2015-06-12--love-computer-languages/he/index.mdx; src/content/posts/2015-06-12--love-computer-languages/hi/index.mdx; src/content/posts/2015-06-12--love-computer-languages/index.mdx; src/content/posts/2015-06-12--love-computer-languages/it/index.mdx
component,src/components/GitRepoCard/GitContribution.css,reachable,pending,pending,src/components/GitRepoCard/RepoList.astro
component,src/components/GitRepoCard/LineChangeIndicator.css,reachable,pending,pending,src/components/GitRepoCard/LineChangeIndicator.tsx
component,src/components/GitRepoCard/LineChangeIndicator.tsx,reachable,pending,pending,src/components/GitRepoCard/RepoCard.tsx
component,src/components/GitRepoCard/RepoCard.tsx,reachable,pending,pending,src/components/GitRepoCard/RepoList.astro
component,src/components/GitRepoCard/RepoList.astro,reachable,pending,pending,src/pages/_OpenSourceJournalPage.astro
component,src/components/GitRepoCard/SummaryStats.tsx,review usage,pending,pending,
component,src/components/Header.astro,reachable,pending,pending,src/layouts/Page.astro; src/layouts/Post.astro; src/pages/category/_CategoryIndexPage.astro
component,src/components/Header.css,reachable,pending,pending,src/components/Header.astro
component,src/components/HeaderLink.astro,review usage,pending,pending,
component,src/components/HomePage.astro,reachable,pending,pending,src/pages/[locale]/index.astro; src/pages/index.astro
component,src/components/LazyPostHog.tsx,review usage,pending,pending,
component,src/components/LogHelper.ts,reachable,pending,pending,src/components/GitRepoCard/RepoList.astro; src/shared/githubGqlApi.ts; src/shared/localCache.ts
component,src/components/NavMenu/ArticleCard.tsx,review usage,pending,pending,
component,src/components/NavMenu/ListItem.tsx,review usage,pending,pending,
component,src/components/NavMenu/index.css,review usage,pending,pending,
component,src/components/NavMenu/index.tsx,review usage,pending,pending,
component,src/components/PostHogEntry.tsx,reachable,pending,pending,src/components/QuizUI/Challenge.tsx
component,src/components/QuizUI/Challenge.tsx,reachable,pending,pending,src/content/posts/2019-11-26--javascript-promises-quiz/ar/index.mdx; src/content/posts/2019-11-26--javascript-promises-quiz/de/index.mdx; src/content/posts/2019-11-26--javascript-promises-quiz/es/index.mdx; src/content/posts/2019-11-26--javascript-promises-quiz/fr/index.mdx; src/content/posts/2019-11-26--javascript-promises-quiz/he/index.mdx; src/content/posts/2019-11-26--javascript-promises-quiz/hi/index.mdx; src/content/posts/2019-11-26--javascript-promises-quiz/index.mdx; src/content/posts/2019-11-26--javascript-promises-quiz/it/index.mdx
component,src/components/QuizUI/HintTooltip.tsx,reachable,pending,pending,src/components/QuizUI/Challenge.tsx
component,src/components/QuizUI/QuestionStore.ts,reachable,pending,pending,src/components/QuizUI/QuizSlideManager.ts
component,src/components/QuizUI/QuizCard.tsx,reachable,pending,pending,src/components/QuizUI/QuizGrid.tsx
component,src/components/QuizUI/QuizContext.tsx,reachable,pending,pending,src/components/QuizUI/Challenge.tsx
component,src/components/QuizUI/QuizFilter.tsx,reachable,pending,pending,src/components/QuizUI/QuizGrid.tsx
component,src/components/QuizUI/QuizGrid.tsx,reachable,pending,pending,src/pages/challenges/_ChallengesPage.astro
component,src/components/QuizUI/QuizProgress.ts,reachable,pending,pending,src/components/QuizUI/Challenge.tsx; src/components/QuizUI/QuestionStore.ts; src/components/QuizUI/QuizCard.tsx; src/components/QuizUI/QuizRuntime.ts; src/components/QuizUI/QuizSlideManager.ts
component,src/components/QuizUI/QuizRuntime.ts,reachable,pending,pending,src/layouts/Post.astro
component,src/components/QuizUI/QuizSlideManager.ts,reachable,pending,pending,src/components/QuizUI/QuizRuntime.ts
component,src/components/QuizUI/QuizUI.tsx,reachable,pending,pending,src/content/posts/2019-11-26--javascript-promises-quiz/ar/index.mdx; src/content/posts/2019-11-26--javascript-promises-quiz/de/index.mdx; src/content/posts/2019-11-26--javascript-promises-quiz/es/index.mdx; src/content/posts/2019-11-26--javascript-promises-quiz/fr/index.mdx; src/content/posts/2019-11-26--javascript-promises-quiz/he/index.mdx; src/content/posts/2019-11-26--javascript-promises-quiz/hi/index.mdx; src/content/posts/2019-11-26--javascript-promises-quiz/index.mdx; src/content/posts/2019-11-26--javascript-promises-quiz/it/index.mdx
component,src/components/QuizUI/challenges.css,reachable,pending,pending,src/pages/challenges/_ChallengesPage.astro
component,src/components/QuizUI/icons.css,reachable,pending,pending,src/components/QuizUI/QuizUI.tsx; src/pages/challenges/_ChallengesPage.astro
component,src/components/QuizUI/index.css,reachable,pending,pending,src/components/QuizUI/QuizUI.tsx
component,src/components/QuizUI/messages.ts,reachable,pending,pending,src/components/QuizUI/Challenge.tsx; src/components/QuizUI/HintTooltip.tsx; src/components/QuizUI/QuizRuntime.ts; src/components/QuizUI/QuizSlideManager.ts
component,src/components/QuizUI/types.ts,reachable,pending,pending,src/components/QuizUI/Challenge.tsx; src/components/QuizUI/QuestionStore.ts; src/components/QuizUI/QuizProgress.ts
component,src/components/Screenshots/AutoScreenShot.ts,review usage,pending,pending,
component,src/components/Screenshots/PageScreenshot.ts,review usage,pending,pending,
component,src/components/Screenshots/StaticServer.ts,review usage,pending,pending,
component,src/components/Screenshots/screenshotMode.ts,review usage,pending,pending,
component,src/components/SearchUI/SearchBar.astro,reachable,pending,pending,src/components/Header.astro
component,src/components/SearchUI/SearchButton.tsx,review usage,pending,pending,
component,src/components/SearchUI/pagefindLoader.ts,reachable,pending,pending,src/components/SearchUI/searchPanelRuntime.ts
component,src/components/SearchUI/search.css,reachable,pending,pending,src/components/SearchUI/SearchBar.astro
component,src/components/SearchUI/searchPanelRuntime.ts,reachable,pending,pending,src/components/StaticNavMenu.astro
component,src/components/Seo/PostLinkedData.astro,reachable,pending,pending,src/layouts/Post.astro
component,src/components/Seo/SchemaData.ts,reachable,pending,pending,src/components/Seo/PostLinkedData.astro; src/components/Seo/SiteLinkedData.astro
component,src/components/Seo/SiteLinkedData.astro,reachable,pending,pending,src/layouts/Page.astro
component,src/components/ShareCounters.tsx,reachable,pending,pending,src/layouts/Post.astro
component,src/components/ShareUI.tsx,review usage,pending,pending,
component,src/components/SocialLinks.astro,reachable,pending,pending,src/components/Footer.astro
component,src/components/StaticNavMenu.astro,reachable,pending,pending,src/components/Header.astro
component,src/components/StaticNavMenu.css,reachable,pending,pending,src/components/StaticNavMenu.astro
component,src/components/SubscribeForm.astro,reachable,pending,pending,src/components/Footer.astro
component,src/components/TableOfContents.astro,reachable,pending,pending,src/layouts/Post.astro
component,src/components/TransitionAnimations.ts,review usage,pending,pending,
component,src/components/icons/CalendarIcon.tsx,review usage,pending,pending,
component,src/components/icons/CheckedBoxIcon.tsx,review usage,pending,pending,
component,src/components/posthogConfig.ts,reachable,pending,pending,src/components/AnalyticsTag.astro; src/components/PostHogEntry.tsx
component,src/components/ui/badge.tsx,review usage,pending,pending,
component,src/components/ui/button.tsx,reachable,pending,pending,src/components/ContactForm.tsx; src/components/QuizUI/QuizFilter.tsx
component,src/components/ui/card.tsx,review usage,pending,pending,
component,src/components/ui/carousel.tsx,review usage,pending,pending,
component,src/components/ui/combobox.tsx,review usage,pending,pending,
component,src/components/ui/command.tsx,review usage,pending,pending,
component,src/components/ui/dialog.tsx,review usage,pending,pending,
component,src/components/ui/form.tsx,reachable,pending,pending,src/components/ContactForm.tsx
component,src/components/ui/infoLabel.css,review usage,pending,pending,
component,src/components/ui/infoLabel.tsx,review usage,pending,pending,
component,src/components/ui/input.tsx,reachable,pending,pending,src/components/ContactForm.tsx
component,src/components/ui/label.tsx,reachable,pending,pending,src/components/ui/form.tsx
component,src/components/ui/navigation-menu.tsx,review usage,pending,pending,
component,src/components/ui/pagination.tsx,review usage,pending,pending,
component,src/components/ui/popover.tsx,reachable,pending,pending,src/components/QuizUI/QuizFilter.tsx
component,src/components/ui/progress.tsx,review usage,pending,pending,
component,src/components/ui/sheet.tsx,review usage,pending,pending,
component,src/components/ui/table.tsx,review usage,pending,pending,
component,src/components/ui/textarea.tsx,reachable,pending,pending,src/components/ContactForm.tsx
component,src/components/ui/timeline.css,reachable,pending,pending,src/components/ui/timeline.tsx
component,src/components/ui/timeline.tsx,reachable,pending,pending,src/content/posts/2024-09-01--breaking-unicorns/ar/index.mdx; src/content/posts/2024-09-01--breaking-unicorns/de/index.mdx; src/content/posts/2024-09-01--breaking-unicorns/es/index.mdx; src/content/posts/2024-09-01--breaking-unicorns/fr/index.mdx; src/content/posts/2024-09-01--breaking-unicorns/he/index.mdx; src/content/posts/2024-09-01--breaking-unicorns/hi/index.mdx; src/content/posts/2024-09-01--breaking-unicorns/index.mdx; src/content/posts/2024-09-01--breaking-unicorns/it/index.mdx
component,src/components/ui/toast.tsx,reachable,pending,pending,src/components/ui/use-toast.ts
component,src/components/ui/toaster.tsx,review usage,pending,pending,
component,src/components/ui/tooltip.tsx,review usage,pending,pending,
component,src/components/ui/use-toast.ts,reachable,pending,pending,src/components/ContactForm.tsx
layout,src/layouts/Page.astro,reachable,pending,pending,src/components/HomePage.astro; src/pages/404.astro; src/pages/_AboutPage.astro; src/pages/_ConsultingPage.astro; src/pages/_ContactPage.astro; src/pages/_OpenSourceJournalPage.astro; src/pages/category/_CategoryPage.astro; src/pages/challenges/_ChallengesPage.astro
layout,src/layouts/Post.astro,reachable,pending,pending,src/pages/[...slug].astro
layout,src/layouts/postEnhancements.ts,reachable,pending,pending,src/layouts/Post.astro
route,src/pages/404.astro,reachable,pending,pending,
route,src/pages/[...slug].astro,reachable,pending,pending,
route,src/pages/[locale]/about.astro,reachable,pending,pending,
route,src/pages/[locale]/category/[...category].astro,reachable,pending,pending,
route,src/pages/[locale]/category/index.astro,reachable,pending,pending,
route,src/pages/[locale]/challenges/index.astro,reachable,pending,pending,
route,src/pages/[locale]/consulting/[service].astro,reachable,pending,pending,
route,src/pages/[locale]/consulting/index.astro,reachable,pending,pending,
route,src/pages/[locale]/contact.astro,reachable,pending,pending,
route,src/pages/[locale]/index.astro,reachable,pending,pending,
route,src/pages/[locale]/open-source-journal.astro,reachable,pending,pending,
route,src/pages/[locale]/pages/[...page].astro,reachable,pending,pending,
route,src/pages/_AboutPage.astro,reachable,pending,pending,src/pages/[locale]/about.astro; src/pages/about.astro
route,src/pages/_ConsultingPage.astro,reachable,pending,pending,src/pages/[locale]/consulting/index.astro; src/pages/consulting.astro
route,src/pages/_ContactPage.astro,reachable,pending,pending,src/pages/[locale]/contact.astro; src/pages/contact.astro
route,src/pages/_OpenSourceJournalPage.astro,reachable,pending,pending,src/pages/[locale]/open-source-journal.astro; src/pages/open-source-journal.astro
route,src/pages/about.astro,reachable,pending,pending,
route,src/pages/category/[...category].astro,reachable,pending,pending,
route,src/pages/category/_CategoryIndexPage.astro,reachable,pending,pending,src/pages/[locale]/category/index.astro; src/pages/category/index.astro
route,src/pages/category/_CategoryPage.astro,reachable,pending,pending,src/pages/[locale]/category/[...category].astro; src/pages/category/[...category].astro
route,src/pages/category/index.astro,reachable,pending,pending,
route,src/pages/challenges/_ChallengesPage.astro,reachable,pending,pending,src/pages/[locale]/challenges/index.astro; src/pages/challenges/index.astro
route,src/pages/challenges/index.astro,reachable,pending,pending,
route,src/pages/consulting/[service].astro,reachable,pending,pending,
route,src/pages/consulting/_ConsultingServicePage.astro,reachable,pending,pending,src/pages/[locale]/consulting/[service].astro; src/pages/consulting/[service].astro
route,src/pages/consulting.astro,reachable,pending,pending,
route,src/pages/contact.astro,reachable,pending,pending,
route,src/pages/index.astro,reachable,pending,pending,
route,src/pages/open-source-journal.astro,reachable,pending,pending,
route,src/pages/pages/[...page].astro,reachable,pending,pending,
route,src/pages/robots.txt.ts,reachable,pending,pending,
route,src/pages/rss.json.ts,reachable,pending,pending,
route,src/pages/rss.xml.ts,reachable,pending,pending,
styles,src/styles/banner-webgl.css,reachable,pending,pending,src/layouts/Post.astro
styles,src/styles/global.css,reachable,pending,pending,src/components/BaseHead.astro; src/components/HomePage.astro; src/pages/challenges/_ChallengesPage.astro
styles,src/styles/layout.css,reachable,pending,pending,src/components/BaseHead.astro
styles,src/styles/nav.css,reachable,pending,pending,src/components/BaseHead.astro; src/components/HomePage.astro; src/pages/challenges/_ChallengesPage.astro
runtime,src/scripts/articlePaging.ts,reachable,pending,pending,src/components/ArticleListSkeleton.astro
shared copy,src/shared/articlePagingCopy.ts,reachable,pending,pending,src/components/ArticleListSkeleton.astro
