event_id,event_name,organizer,opportunity_type,series_url,public_contact_url,audience,history_summary,history_source_ids
ev-developerweek,DeveloperWeek,DevNetwork,commercial technology conference,https://www.developerweek.com/,https://www.developerweek.com/contact/,"Developers, architects, engineering leaders, product managers, and technical founders","Recurring developer and AI engineering conference; official 2027 site claims 5,000+ annual attendees across onsite and virtual participation.",src-developerweek-cfp;src-developerweek-about
ev-kubecon-eu,KubeCon + CloudNativeCon Europe,Cloud Native Computing Foundation / Linux Foundation,open-source conference,https://events.linuxfoundation.org/kubecon-cloudnativecon-europe/,https://events.linuxfoundation.org/kubecon-cloudnativecon-europe/about/contact/,"Cloud-native adopters, developers, architects, platform engineers, and technical leaders","Flagship recurring CNCF event; 2027 edition in Barcelona and official site provides prior-edition highlights.",src-kubecon-eu-cfp;src-kubecon-eu-home
ev-tokenomicon-x,Tokenomicon + FinOps X,FinOps Foundation and Tokenomics Foundation,FinOps conference,https://www.tokenomicon.com/,https://www.tokenomicon.com/,"FinOps practitioners, engineering and finance leaders, and teams managing AI and technology spend","FinOps X becomes a co-conference with Tokenomicon in 2027; prior FinOps X calls explicitly covered AI token costs and unit economics.",src-tokenomicon-home;src-finopsx-guide;src-finopsx-2027
ev-tokenomicon-london,Tokenomicon London,Tokenomics Foundation,regional FinOps conference,https://www.tokeneconomics.com/,https://www.tokeneconomics.com/,"Practitioners working on token allocation, forecasting, optimization, cost-to-serve, and cost per call","London edition announced for February 2027; current public speaker route not found.",src-tokenomics-events;src-finops-tokenomicon-news
ev-tokenomicon-amsterdam,Tokenomicon Amsterdam,Tokenomics Foundation,regional FinOps conference,https://www.tokenomicon.com/amsterdam,https://www.tokenomicon.com/amsterdam,"Practitioners working on AI token economics and FinOps","First smaller Tokenomicon edition announced for September 2026; public CFP was not verified on an official page at final check.",src-tokenomics-events;src-finops-tokenomicon-news
ev-devopsdays-la,DevOpsDays Los Angeles,DevOpsDays Los Angeles organizers,regional community conference,https://devopsdays.org/events/2027-los-angeles/welcome/,https://devopsdays.org/events/2027-los-angeles/contact/,"Southern California DevOps, platform, reliability, and engineering practitioners","Regional DevOpsDays chapter colocated with SCaLE; community selection favors local stories and noncommercial content.",src-dod-la-propose;src-dod-global-speaking
ev-devopsdays-raleigh,DevOpsDays Raleigh,DevOpsDays Raleigh organizers,regional community conference,https://devopsdays.org/events/2027-raleigh/welcome/,https://devopsdays.org/events/2027-raleigh/contact/,"Raleigh-area DevOps, platform, reliability, and engineering practitioners","Regional community event with talks, Ignite, and Open Space formats.",src-dod-raleigh-propose;src-dod-global-speaking
ev-devopsdays-almaty,DevOpsDays Almaty,DevOpsDays Almaty organizers,regional community conference,https://devopsdays.org/events/2026-almaty/welcome/,https://devopsdays.org/events/2026-almaty/contact/,"Central Asian DevOps and IT-improvement practitioners","Global DevOpsDays speaking index listed the Almaty call as open at verification.",src-dod-global-speaking
ev-devopsdays-telaviv,DevOpsDays Tel Aviv,DevOpsDays Tel Aviv organizers,regional community conference,https://devopsdays.org/events/2026-tel-aviv/welcome/,https://devopsdays.org/events/2026-tel-aviv/contact/,"Israeli DevOps and IT-improvement practitioners","Local page offers 30-minute, Ignite, and Open Space routes but contradicts the global open-CFP index by saying CFP TBD.",src-dod-telaviv-propose;src-dod-global-speaking
ev-platformcon,PlatformCon,Humanitec / Platform Engineering community,platform-engineering conference,https://platformcon.com/,https://platformcon.com/,"Platform engineers, infrastructure teams, engineering leaders, and AI platform builders","Recurring virtual flagship expanded to a world tour; official 2027 page advertises hundreds of speakers and a free virtual archive.",src-platformcon-home
ev-platformcon-sf,PlatformCon Live Day San Francisco,Platform Engineering community,regional platform-engineering conference,https://sanfrancisco.platformcon.com/,https://sanfrancisco.platformcon.com/,"Platform engineers and teams building agentic development platforms","Two-day 2027 regional program covering platform foundations and agentic platforms; page exposes a CFP navigation route but extracted deadline unavailable.",src-platformcon-sf
ev-saastr,SaaStr AI Annual,SaaStr,B2B SaaS founder conference,https://www.saastrannual.com/,https://www.saastrannual.com/speaker-submission,"B2B SaaS founders, executives, product leaders, and investors","Long-running SaaS operator event; official 2027 page advertises 10,000+ attendees and an apply-to-speak route.",src-saastr-2027;src-saastr-speaker
ev-saastock-eu,SaaStock Europe / AI Growth Summit,Founderpath,AI and SaaS founder conference,https://saastock.com/,https://saastock.com/,"AI-native B2B software founders and operators","SaaStock was acquired by Founderpath and is rebranding as AI Growth Summit; official archive lists ten years, 17 events, 693 speakers, and 635 recordings.",src-saastock-speakers;src-saastock-home
ev-saastock-us,SaaStock USA / AI Growth Summit,Founderpath,AI and SaaS founder conference,https://saastock.com/,https://saastock.com/,"AI-native B2B software founders and operators","US flagship announced for San Francisco in 2027 after acquisition and rebrand; current public editorial speaker application not found.",src-saastock-speakers;src-saastock-home
ev-cloudfest,CloudFest,WHMCS / CloudFest organizers,internet-infrastructure conference,https://www.cloudfest.com/event,https://www.cloudfest.com/event,"Cloud and internet-infrastructure executives, operators, and vendors","Recurring large commercial cloud-industry event; official page reports 10,900 participants at 2026 and 10,000+ expected scale.",src-cloudfest-2027;src-cloudfest-partner
ev-srecon,SREcon Americas,USENIX,systems-reliability conference,https://www.usenix.org/srecon,https://www.usenix.org/conferences/contact,"SREs, systems engineers, platform teams, and operators of large-scale distributed systems","Recurring USENIX conference with open-access recordings; 2026 CFP welcomed AI and platform engineering and required technical depth.",src-srecon26-cfp;src-srecon26-home
ev-kubecon-na,KubeCon + CloudNativeCon North America,Cloud Native Computing Foundation / Linux Foundation,open-source conference,https://events.linuxfoundation.org/kubecon-cloudnativecon-north-america/,https://events.linuxfoundation.org/kubecon-cloudnativecon-north-america/about/contact/,"Cloud-native adopters, developers, architects, and technical leaders","Recurring CNCF flagship; 2026 call and event remain useful current-cycle evidence but CFP is closed.",src-kubecon-na-cfp;src-kubecon-na-faq
ev-ndc-london,NDC London,NDC Conferences,developer conference,https://ndclondon.com/,https://ndclondon.com/call-for-papers,"Software developers, architects, and technical leaders","Recurring multi-track developer conference; 2027 call included AI, cloud, architecture, platform engineering, and SRE.",src-ndc-london-cfp
ev-finops-paris,FinOps x GreenOps France,Community organizers,community meetup,https://www.meetup.com/fr-fr/meetup-cloud-finops-paris/,https://www.meetup.com/fr-fr/meetup-cloud-finops-paris/,"French-speaking FinOps and GreenOps practitioners, vendors, associations, and consultants","Active Paris community with 1,400+ members, 26 prior events, and an explicit invitation for speakers to contact organizers.",src-finops-paris
ev-finops-berlin,Berlin FinOps and Cloud Cost Optimization,Community organizers,community meetup,https://www.meetup.com/berlin-finops/,https://www.meetup.com/berlin-finops/,"Cost-conscious DevOps engineers, developers, CTOs, and cloud-infrastructure practitioners","Active regional group with 15 past events and recent 2026 meetings; organizer-message route exists but no formal CFP.",src-finops-berlin
ev-finops-connect,FinOps Connect,Community organizers,community meetup,https://www.meetup.com/finops-connect/,https://www.meetup.com/finops-connect/,"FinOps practitioners interested in cloud funding, optimization, and adoption","Small international community running in-person and virtual meetups; prior program included the AI shift in building, running, and funding cloud.",src-finops-connect
ev-finops-chicago,FinOPS Chicago,Community organizer,community meetup,https://www.meetup.com/finops-chicago/,https://www.meetup.com/finops-chicago/,"Cloud, SaaS, AI, and financial-operations practitioners","Small nascent group whose only listed prior event focused on FinOps for SaaS and business value.",src-finops-chicago
ev-cncf-thane,CNCF Cloud Native Thane,CNCF local community organizers,community meetup,https://community.cncf.io/cloud-native-thane/,https://community.cncf.io/cloud-native-thane/,"Mumbai-area cloud-native practitioners and students","Past dedicated FinOps meetup included four cost-management sessions and a public talk-proposal form.",src-cncf-thane-finops
ev-cncf-montreal,CNCF Cloud Native Montréal,CNCF local community organizers,community meetup,https://community.cncf.io/montreal/,https://community.cncf.io/montreal/,"Montréal cloud-native practitioners","Past meetup advertised an open speaker form and featured Kubernetes bill-shock content; current-cycle route needs confirmation.",src-cncf-montreal
ev-finops-virtual,FinOps Foundation Virtual Summit,FinOps Foundation,virtual summit,https://www.finops.org/events/,https://www.finops.org/contact/,"Global FinOps practitioners and technology-spend leaders","Foundation runs virtual programming; a paid membership tier includes a virtual-summit presentation and therefore is not an editorial CFP.",src-finops-paid-placement
